일매출2기간비교분석,,,,,,,,,,,,,,,,,,,,,,,,,,,,,,,,,,,,,,,,,,,,,,,,,,,,,,,,,,,,,,,,,,,,,
조회1(일),2026-01-01 - 2026-05-31,조회2(일),2025-01-01 - 2025-05-31,구매그룹(Now:손익센터),EBA; EFA; EGA; FAA,CU(Now:손익센터),,플랜트,,,,,,,,,,,,,,,,,,,,,,,,,,,,,,,,,,,,,,,,,,,,,,,,,,,,,,,,,,,,,
,,,,,,,,,,,,,,,,,,,,,,,,,,,,,,,,,,,,,,,,,,,,,,,,,,,,,,,,,,,,,,,,,,,,,
,,,년월,전체 결과,전체 결과,전체 결과,전체 결과,전체 결과,전체 결과,2025-01,2025-01,2025-01,2025-01,2025-01,2025-01,2025-02,2025-02,2025-02,2025-02,2025-02,2025-02,2025-03,2025-03,2025-03,2025-03,2025-03,2025-03,2025-04,2025-04,2025-04,2025-04,2025-04,2025-04,2025-05,2025-05,2025-05,2025-05,2025-05,2025-05,2026-01,2026-01,2026-01,2026-01,2026-01,2026-01,2026-02,2026-02,2026-02,2026-02,2026-02,2026-02,2026-03,2026-03,2026-03,2026-03,2026-03,2026-03,2026-04,2026-04,2026-04,2026-04,2026-04,2026-04,2026-05,2026-05,2026-05,2026-05,2026-05,2026-05
,,,,총 매출액,총 매출액,총 매출액,매출 총 이익,매출 총 이익,매출 총 이익,총 매출액,총 매출액,총 매출액,매출 총 이익,매출 총 이익,매출 총 이익,총 매출액,총 매출액,총 매출액,매출 총 이익,매출 총 이익,매출 총 이익,총 매출액,총 매출액,총 매출액,매출 총 이익,매출 총 이익,매출 총 이익,총 매출액,총 매출액,총 매출액,매출 총 이익,매출 총 이익,매출 총 이익,총 매출액,총 매출액,총 매출액,매출 총 이익,매출 총 이익,매출 총 이익,총 매출액,총 매출액,총 매출액,매출 총 이익,매출 총 이익,매출 총 이익,총 매출액,총 매출액,총 매출액,매출 총 이익,매출 총 이익,매출 총 이익,총 매출액,총 매출액,총 매출액,매출 총 이익,매출 총 이익,매출 총 이익,총 매출액,총 매출액,총 매출액,매출 총 이익,매출 총 이익,매출 총 이익,총 매출액,총 매출액,총 매출액,매출 총 이익,매출 총 이익,매출 총 이익
,,,구조,2026-01-01,[-] 2025-01-01,"1~2기간
성장율",2026-01-01,[-] 2025-01-01,"1~2기간
성장율",2026-01-01,[-] 2025-01-01,"1~2기간
성장율",2026-01-01,[-] 2025-01-01,"1~2기간
성장율",2026-01-01,[-] 2025-01-01,"1~2기간
성장율",2026-01-01,[-] 2025-01-01,"1~2기간
성장율",2026-01-01,[-] 2025-01-01,"1~2기간
성장율",2026-01-01,[-] 2025-01-01,"1~2기간
성장율",2026-01-01,[-] 2025-01-01,"1~2기간
성장율",2026-01-01,[-] 2025-01-01,"1~2기간
성장율",2026-01-01,[-] 2025-01-01,"1~2기간
성장율",2026-01-01,[-] 2025-01-01,"1~2기간
성장율",2026-01-01,[-] 2025-01-01,"1~2기간
성장율",2026-01-01,[-] 2025-01-01,"1~2기간
성장율",2026-01-01,[-] 2025-01-01,"1~2기간
성장율",2026-01-01,[-] 2025-01-01,"1~2기간
성장율",2026-01-01,[-] 2025-01-01,"1~2기간
성장율",2026-01-01,[-] 2025-01-01,"1~2기간
성장율",2026-01-01,[-] 2025-01-01,"1~2기간
성장율",2026-01-01,[-] 2025-01-01,"1~2기간
성장율",2026-01-01,[-] 2025-01-01,"1~2기간
성장율",2026-01-01,[-] 2025-01-01,"1~2기간
성장율"
구매그룹(Now:손익센터),,브랜드(Now),,KRW,KRW,%,KRW,KRW,%,,KRW,%,,KRW,%,,KRW,%,,KRW,%,,KRW,%,,KRW,%,,KRW,%,,KRW,%,,KRW,%,,KRW,%,KRW,,%,KRW,,%,KRW,,%,KRW,,%,KRW,,%,KRW,,%,KRW,,%,KRW,,%,KRW,,%,KRW,,%
전체 결과,,,,"86,470,163,646","71,855,802,028",20.3,"14,305,842,071","13,262,089,243",7.9,,"14,202,074,805",-100.0,,"2,634,316,041",-100.0,,"13,782,037,349",-100.0,,"2,642,513,941",-100.0,,"15,051,892,499",-100.0,,"2,690,952,071",-100.0,,"13,171,796,793",-100.0,,"2,516,910,249",-100.0,,"15,648,000,582",-100.0,,"2,777,396,941",-100.0,"15,611,825,446",,0.0,"2,738,885,067",,0.0,"16,631,032,705",,0.0,"2,823,062,064",,0.0,"16,963,557,292",,0.0,"2,830,502,210",,0.0,"16,449,402,838",,0.0,"2,746,542,911",,0.0,"20,814,345,365",,0.0,"3,166,849,819",,0.0
EBA,취미/라이프,결과,,"566,590,073","490,780,539",15.4,"227,838,366","294,196,221",-22.6,,"134,757,809",-100.0,,"65,001,066",-100.0,,"87,245,945",-100.0,,"55,538,754",-100.0,,"82,700,588",-100.0,,"56,378,632",-100.0,,"86,336,524",-100.0,,"57,406,973",-100.0,,"99,739,673",-100.0,,"59,870,796",-100.0,"107,902,664",,0.0,"41,269,922",,0.0,"141,572,603",,0.0,"50,284,281",,0.0,"84,654,586",,0.0,"40,919,714",,0.0,"81,849,823",,0.0,"40,923,887",,0.0,"150,610,397",,0.0,"54,440,562",,0.0
EBA,취미/라이프,E986,아트키즈,"29,901,500","37,827,300",-21.0,"3,669,711","4,642,419",-21.0,,"13,067,000",-100.0,,"1,603,671",-100.0,,"9,400,200",-100.0,,"1,153,655",-100.0,,"5,264,600",-100.0,,"646,106",-100.0,,"3,759,500",-100.0,,"461,391",-100.0,,"6,336,000",-100.0,,"777,596",-100.0,"8,634,000",,0.0,"1,059,621",,0.0,"7,797,500",,0.0,"956,962",,0.0,"4,763,800",,0.0,"584,645",,0.0,"2,461,700",,0.0,"302,113",,0.0,"6,244,500",,0.0,"766,370",,0.0
EBA,취미/라이프,H599,정관장,"161,925,620","122,851,715",31.8,"31,324,828","24,508,198",27.8,,"53,190,765",-100.0,,"9,827,296",-100.0,,"12,255,600",-100.0,,"2,758,370",-100.0,,"10,925,800",-100.0,,"2,308,490",-100.0,,"18,160,150",-100.0,,"3,800,947",-100.0,,"28,319,400",-100.0,,"5,813,095",-100.0,"26,094,270",,0.0,"5,042,529",,0.0,"72,756,470",,0.0,"13,510,672",,0.0,"14,300,700",,0.0,"3,252,466",,0.0,"18,754,170",,0.0,"3,666,681",,0.0,"30,020,010",,0.0,"5,852,480",,0.0
EBA,취미/라이프,H600,인생네컷,"18,418,500","20,966,000",-12.2,"2,637,194","3,001,950",-12.2,,"5,818,500",-100.0,,"833,104",-100.0,,"3,993,000",-100.0,,"571,725",-100.0,,"4,331,000",-100.0,,"620,120",-100.0,,"2,928,500",-100.0,,"419,308",-100.0,,"3,895,000",-100.0,,"557,693",-100.0,"4,373,500",,0.0,"626,205",,0.0,"3,734,000",,0.0,"534,641",,0.0,"4,088,500",,0.0,"585,399",,0.0,"2,468,000",,0.0,"353,373",,0.0,"3,754,500",,0.0,"537,576",,0.0
EBA,취미/라이프,H809,충전돼지,"1,686,438","1,888,732",-10.7,"613,252","686,812",-10.7,,"-24,320",100.0,,"-8,844",100.0,,"579,032",-100.0,,"210,557",-100.0,,"510,833",-100.0,,"185,757",-100.0,,"319,016",-100.0,,"116,006",-100.0,,"504,171",-100.0,,"183,336",-100.0,"398,955",,0.0,"145,075",,0.0,"306,334",,0.0,"111,394",,0.0,"207,989",,0.0,"75,633",,0.0,"607,251",,0.0,"220,819",,0.0,"165,909",,0.0,"60,331",,0.0
EBA,취미/라이프,H833,헬로포토,,"11,512,740",-100.0,,"1,360,597",-100.0,,"2,938,000",-100.0,,"347,218",-100.0,,"3,740,740",-100.0,,"442,087",-100.0,,"1,862,000",-100.0,,"220,055",-100.0,,"1,785,000",-100.0,,"210,955",-100.0,,"1,187,000",-100.0,,"140,282",-100.0,,,,,,,,,,,,,,,,,,,,,,,,,,,,,,
EBA,취미/라이프,I487,마실파크골프,"53,044,940",,0.0,"3,938,537",,0.0,,,,,,,,,,,,,,,,,,,,,,,,,,,,,,,"17,417,500",,0.0,"1,185,907",,0.0,"9,314,000",,0.0,"634,912",,0.0,"9,125,540",,0.0,"699,502",,0.0,"8,945,900",,0.0,"730,219",,0.0,"8,242,000",,0.0,"687,997",,0.0
EBA,취미/라이프,I513,파크야 스크린 파크골프,"53,362,101",,0.0,"5,181,335",,0.0,,,,,,,,,,,,,,,,,,,,,,,,,,,,,,,"14,664,000",,0.0,"1,422,037",,0.0,"9,188,900",,0.0,"910,563",,0.0,"12,936,001",,0.0,"1,243,108",,0.0,"9,166,500",,0.0,"879,377",,0.0,"7,406,700",,0.0,"726,250",,0.0
EBA,취미/라이프,I958,파도가,"30,956,300",,0.0,"7,458,760",,0.0,,,,,,,,,,,,,,,,,,,,,,,,,,,,,,,,,,,,,,,,,,,,,,,,,"192,800",,0.0,"45,409",,0.0,"30,763,500",,0.0,"7,413,351",,0.0
EBA,취미/라이프,I963,아임팟,"6,093,700",,0.0,"1,035,929",,0.0,,,,,,,,,,,,,,,,,,,,,,,,,,,,,,,,,,,,,,,,,,,,,,,,,,,,,,,"6,093,700",,0.0,"1,035,929",,0.0
EBA,취미/라이프,I965,라이프프레이,"18,487,850",,0.0,"2,521,070",,0.0,,,,,,,,,,,,,,,,,,,,,,,,,,,,,,,,,,,,,,,,,,,,,,,,,,,,,,,"18,487,850",,0.0,"2,521,070",,0.0
EBA,취미/라이프,#,지정되지 않음,"192,713,124","295,734,052",-34.8,"169,457,750","259,996,245",-34.8,,"59,767,864",-100.0,,"52,398,621",-100.0,,"57,277,373",-100.0,,"50,402,360",-100.0,,"59,806,355",-100.0,,"52,398,104",-100.0,,"59,384,358",-100.0,,"52,398,366",-100.0,,"59,498,102",-100.0,,"52,398,794",-100.0,"36,320,439",,0.0,"31,788,548",,0.0,"38,475,399",,0.0,"33,625,137",,0.0,"39,232,056",,0.0,"34,478,961",,0.0,"39,253,502",,0.0,"34,725,896",,0.0,"39,431,728",,0.0,"34,839,208",,0.0
EFA,가정문화,결과,,"17,348,220,283","13,797,345,085",25.7,"2,929,317,565","2,821,186,778",3.8,,"2,502,662,356",-100.0,,"523,957,944",-100.0,,"2,865,761,150",-100.0,,"583,677,501",-100.0,,"2,813,601,303",-100.0,,"566,114,387",-100.0,,"2,821,505,312",-100.0,,"572,775,561",-100.0,,"2,793,814,964",-100.0,,"574,661,385",-100.0,"2,699,808,253",,0.0,"513,194,729",,0.0,"3,606,167,161",,0.0,"626,345,708",,0.0,"3,008,957,782",,0.0,"546,447,545",,0.0,"3,659,447,767",,0.0,"594,257,486",,0.0,"4,373,839,320",,0.0,"649,072,097",,0.0
EFA,가정문화,D355,글라스락,,"59,135,000",-100.0,,"8,063,858",-100.0,,"23,681,000",-100.0,,"3,229,226",-100.0,,,,,,,,"33,943,100",-100.0,,"4,628,601",-100.0,,"1,525,900",-100.0,,"208,077",-100.0,,"-15,000",100.0,,"-2,046",100.0,,,,,,,,,,,,,,,,,,,,,,,,,,,,,,
EFA,가정문화,D508,브랜드아웃,,"22,728,500",-100.0,,"4,132,454",-100.0,,"8,153,400",-100.0,,"1,482,436",-100.0,,"14,575,100",-100.0,,"2,650,018",-100.0,,,,,,,,,,,,,,,,,,,,,,,,,,,,,,,,,,,,,,,,,,,,,,,,
EFA,가정문화,D808,아트박스,,0,0.0,,5,-100.0,,0,0.0,,5,-100.0,,,,,,,,,,,,,,,,,,,,,,,,,,,,,,,,,,,,,,,,,,,,,,,,,,,,,,
EFA,가정문화,D927,소프라움,,"60,266,480",-100.0,,"10,957,540",-100.0,,"11,441,650",-100.0,,"2,080,299",-100.0,,"13,844,500",-100.0,,"2,517,183",-100.0,,"11,943,690",-100.0,,"2,171,581",-100.0,,"11,512,500",-100.0,,"2,093,180",-100.0,,"11,524,140",-100.0,,"2,095,297",-100.0,,,,,,,,,,,,,,,,,,,,,,,,,,,,,,
EFA,가정문화,E878,소노시즌,"62,136,850","78,747,308",-21.1,"11,297,607","14,317,695",-21.1,,"16,378,800",-100.0,,"2,977,963",-100.0,,"21,956,000",-100.0,,"3,991,999",-100.0,,"10,212,908",-100.0,,"1,856,894",-100.0,,"13,672,400",-100.0,,"2,485,894",-100.0,,"16,527,200",-100.0,,"3,004,945",-100.0,"13,205,600",,0.0,"2,401,015",,0.0,"2,553,000",,0.0,"464,181",,0.0,"18,328,500",,0.0,"3,332,455",,0.0,"8,523,750",,0.0,"1,549,774",,0.0,"19,526,000",,0.0,"3,550,182",,0.0
EFA,가정문화,E947,에스엠,"117,536,870","124,701,210",-5.7,"14,257,043","14,694,761",-3.0,,"37,514,950",-100.0,,"4,367,083",-100.0,,"27,733,130",-100.0,,"3,263,968",-100.0,,"19,745,570",-100.0,,"2,359,292",-100.0,,"21,295,230",-100.0,,"2,458,072",-100.0,,"18,412,330",-100.0,,"2,246,346",-100.0,"24,529,030",,0.0,"3,002,318",,0.0,"21,840,770",,0.0,"2,668,193",,0.0,"28,311,720",,0.0,"3,385,577",,0.0,"20,295,650",,0.0,"2,476,818",,0.0,"22,559,700",,0.0,"2,724,137",,0.0
EFA,가정문화,H475,퀸즈빌,,"5,852,920",-100.0,,"1,346,172",-100.0,,,,,,,,,,,,,,,,,,,,,,,,,,"5,852,920",-100.0,,"1,346,172",-100.0,,,,,,,,,,,,,,,,,,,,,,,,,,,,,,
EFA,가정문화,H483,비비안,"141,217,850","132,572,870",6.5,"35,304,463","33,143,218",6.5,,"23,206,500",-100.0,,"5,801,625",-100.0,,"19,171,500",-100.0,,"4,792,875",-100.0,,"27,226,730",-100.0,,"6,806,683",-100.0,,"30,541,260",-100.0,,"7,635,315",-100.0,,"32,426,880",-100.0,,"8,106,720",-100.0,"25,680,000",,0.0,"6,420,000",,0.0,"60,268,180",,0.0,"15,067,045",,0.0,"33,866,150",,0.0,"8,466,538",,0.0,"14,454,600",,0.0,"3,613,650",,0.0,"6,948,920",,0.0,"1,737,230",,0.0
EFA,가정문화,H495,쟈키,,"-140,000",100.0,,"-35,637",100.0,,,,,,,,"-140,000",100.0,,"-35,637",100.0,,,,,,,,,,,,,,,,,,,,,,,,,,,,,,,,,,,,,,,,,,,,,,,,
EFA,가정문화,H499,락앤락,"1,045,513,536","1,730,728,078",-39.6,"142,570,047","236,676,148",-39.8,,"194,758,230",-100.0,,"26,757,234",-100.0,,"370,778,548",-100.0,,"50,711,106",-100.0,,"451,425,810",-100.0,,"61,684,983",-100.0,,"451,820,310",-100.0,,"61,739,614",-100.0,,"261,945,180",-100.0,,"35,783,211",-100.0,"100,754,140",,0.0,"13,739,205",,0.0,"259,386,540",,0.0,"35,370,895",,0.0,"131,748,180",,0.0,"17,965,662",,0.0,"419,486,486",,0.0,"57,202,715",,0.0,"134,138,190",,0.0,"18,291,570",,0.0
EFA,가정문화,H533,좋은숨,"30,793,800","128,964,370",-76.1,"6,438,708","26,965,277",-76.1,,"18,079,900",-100.0,,"3,780,345",-100.0,,"15,983,850",-100.0,,"3,342,076",-100.0,,"16,971,900",-100.0,,"3,548,668",-100.0,,"49,456,320",-100.0,,"10,340,867",-100.0,,"28,472,400",-100.0,,"5,953,321",-100.0,"12,686,900",,0.0,"2,652,717",,0.0,"6,344,900",,0.0,"1,326,661",,0.0,"11,762,000",,0.0,"2,459,330",,0.0,,,,,,,,,,,,
EFA,가정문화,H545,수엔지,"770,176,500","951,024,780",-19.0,"175,040,070","215,668,396",-18.8,,"163,273,400",-100.0,,"37,107,583",-100.0,,"225,658,280",-100.0,,"50,967,057",-100.0,,"165,650,900",-100.0,,"37,649,006",-100.0,,"192,417,100",-100.0,,"43,715,573",-100.0,,"204,025,100",-100.0,,"46,229,177",-100.0,"123,554,700",,0.0,"28,080,601",,0.0,"145,969,400",,0.0,"33,174,854",,0.0,"155,129,800",,0.0,"35,256,772",,0.0,"138,416,600",,0.0,"31,458,308",,0.0,"207,106,000",,0.0,"47,069,535",,0.0
EFA,가정문화,H575,빈센치오,,"46,255,200",-100.0,,"10,512,544",-100.0,,"10,188,200",-100.0,,"2,315,499",-100.0,,"8,271,000",-100.0,,"1,879,773",-100.0,,"8,800,500",-100.0,,"2,000,112",-100.0,,"7,932,000",-100.0,,"1,802,728",-100.0,,"11,063,500",-100.0,,"2,514,432",-100.0,,,,,,,,,,,,,,,,,,,,,,,,,,,,,,
EFA,가정문화,H578,정인,"10,067,200","15,713,746",-35.9,"2,287,998","3,571,305",-35.9,,"7,571,630",-100.0,,"1,720,825",-100.0,,,,,,,,"5,822,508",-100.0,,"1,323,297",-100.0,,"2,319,608",-100.0,,"527,183",-100.0,,,,,,,"3,643,400",,0.0,"828,044",,0.0,"2,219,500",,0.0,"504,432",,0.0,,,,,,,,,,,,,"4,204,300",,0.0,"955,522",,0.0
EFA,가정문화,H580,인따르시아,,"24,957,800",-100.0,,"6,806,676",-100.0,,"10,448,100",-100.0,,"2,849,484",-100.0,,"8,219,000",-100.0,,"2,241,546",-100.0,,"6,290,700",-100.0,,"1,715,646",-100.0,,,,,,,,,,,,,,,,,,,,,,,,,,,,,,,,,,,,,,,,,,
EFA,가정문화,H584,제스파,"72,952,600","85,874,000",-15.0,"12,600,904","14,832,777",-15.0,,"9,201,000",-100.0,,"1,589,265",-100.0,,"11,541,000",-100.0,,"1,993,443",-100.0,,"11,260,000",-100.0,,"1,944,907",-100.0,,"26,462,000",-100.0,,"4,570,709",-100.0,,"27,410,000",-100.0,,"4,734,453",-100.0,"21,354,000",,0.0,"3,688,416",,0.0,"16,363,300",,0.0,"2,826,389",,0.0,"29,099,300",,0.0,"5,026,244",,0.0,"6,136,000",,0.0,"1,059,855",,0.0,,,,,,
EFA,가정문화,H585,하우스웨어,,"7,551,616",-100.0,,"823,814",-100.0,,,,,,,,,,,,,,"7,551,616",-100.0,,"823,814",-100.0,,,,,,,,,,,,,,,,,,,,,,,,,,,,,,,,,,,,,,,,,,
EFA,가정문화,H594,지포트리,"19,071,200","66,090,400",-71.1,"3,467,489","12,016,433",-71.1,,"10,136,000",-100.0,,"1,842,906",-100.0,,"41,030,500",-100.0,,"7,460,091",-100.0,,"7,684,400",-100.0,,"1,397,163",-100.0,,,,,,,,"7,239,500",-100.0,,"1,316,273",-100.0,"3,905,500",,0.0,"710,089",,0.0,"15,165,700",,0.0,"2,757,400",,0.0,,,,,,,,,,,,,,,,,,
EFA,가정문화,H595,포하우스,,"18,641,260",-100.0,,"3,049,219",-100.0,,"10,460,860",-100.0,,"1,710,609",-100.0,,"8,229,200",-100.0,,"1,346,596",-100.0,,"-48,800",100.0,,"-7,986",100.0,,,,,,,,,,,,,,,,,,,,,,,,,,,,,,,,,,,,,,,,,,
EFA,가정문화,H611,예인통상,,"7,484,000",-100.0,,"1,700,909",-100.0,,,,,,,,"7,484,000",-100.0,,"1,700,909",-100.0,,,,,,,,,,,,,,,,,,,,,,,,,,,,,,,,,,,,,,,,,,,,,,,,
EFA,가정문화,H613,레노마홈,"973,137,054","823,664,220",18.1,"127,628,938","111,083,781",14.9,,"143,076,400",-100.0,,"19,323,359",-100.0,,"135,406,470",-100.0,,"18,483,276",-100.0,,"151,039,370",-100.0,,"20,720,967",-100.0,,"190,962,000",-100.0,,"24,938,044",-100.0,,"203,179,980",-100.0,,"27,618,135",-100.0,"176,246,890",,0.0,"23,334,157",,0.0,"199,124,610",,0.0,"26,344,079",,0.0,"211,820,130",,0.0,"28,837,764",,0.0,"195,530,540",,0.0,"26,130,959",,0.0,"190,414,884",,0.0,"22,981,979",,0.0
EFA,가정문화,H617,리늄아티카,"262,716,100","161,124,200",63.1,"58,612,930","35,875,967",63.4,,"33,225,100",-100.0,,"7,403,617",-100.0,,"28,159,100",-100.0,,"6,233,331",-100.0,,"32,663,700",-100.0,,"7,289,381",-100.0,,"30,640,500",-100.0,,"6,845,635",-100.0,,"36,435,800",-100.0,,"8,104,003",-100.0,"49,608,800",,0.0,"11,027,329",,0.0,"48,967,600",,0.0,"10,905,585",,0.0,"51,346,900",,0.0,"11,470,719",,0.0,"46,224,800",,0.0,"10,323,502",,0.0,"66,568,000",,0.0,"14,885,795",,0.0
EFA,가정문화,H625,알리페즈,"940,661,560","1,022,821,108",-8.0,"143,370,166","154,561,168",-7.2,,"218,494,000",-100.0,,"32,942,335",-100.0,,"240,461,308",-100.0,,"36,158,944",-100.0,,"201,530,000",-100.0,,"30,410,320",-100.0,,"190,979,700",-100.0,,"29,111,588",-100.0,,"171,356,100",-100.0,,"25,937,981",-100.0,"231,657,900",,0.0,"35,110,678",,0.0,"188,436,400",,0.0,"28,704,553",,0.0,"191,711,600",,0.0,"29,436,454",,0.0,"191,125,760",,0.0,"29,055,164",,0.0,"137,729,900",,0.0,"21,063,317",,0.0
EFA,가정문화,H626,쿤리콘,"6,088,500","4,873,000",24.9,"1,383,748","1,107,500",24.9,,,,,,,,,,,,,,,,,,,,"4,873,000",-100.0,,"1,107,500",-100.0,,,,,,,"1,626,000",,0.0,"369,545",,0.0,"989,000",,0.0,"224,772",,0.0,,,,,,,"3,473,500",,0.0,"789,431",,0.0,,,,,,
EFA,가정문화,H628,ELO,"59,295,368","66,808,224",-11.2,"10,780,970","12,146,948",-11.2,,"-95,000",100.0,,"-17,273",100.0,,"22,669,000",-100.0,,"4,121,635",-100.0,,"23,497,016",-100.0,,"4,272,185",-100.0,,"20,737,208",-100.0,,"3,770,401",-100.0,,,,,,,"16,009,000",,0.0,"2,910,728",,0.0,"43,351,368",,0.0,"7,882,060",,0.0,"-65,000",,0.0,"-11,818",,0.0,,,,,,,,,,,,
EFA,가정문화,H636,아르페지오,"144,634,250",,0.0,"32,871,432",,0.0,,,,,,,,,,,,,,,,,,,,,,,,,,,,,,,"17,272,500",,0.0,"3,925,569",,0.0,"27,269,300",,0.0,"6,197,572",,0.0,"33,586,200",,0.0,"7,633,225",,0.0,"33,223,300",,0.0,"7,550,757",,0.0,"33,282,950",,0.0,"7,564,309",,0.0
EFA,가정문화,H639,아이러브허브,,"-59,000",100.0,,"-13,409",100.0,,"-59,000",100.0,,"-13,409",100.0,,,,,,,,,,,,,,,,,,,,,,,,,,,,,,,,,,,,,,,,,,,,,,,,,,,,,,
EFA,가정문화,H647,슬립앤슬립,"185,788,720","127,430,350",45.8,"42,224,705","28,961,446",45.8,,"16,350,300",-100.0,,"3,715,981",-100.0,,"23,630,550",-100.0,,"5,370,579",-100.0,,"22,638,620",-100.0,,"5,145,139",-100.0,,"25,303,860",-100.0,,"5,750,879",-100.0,,"39,507,020",-100.0,,"8,978,868",-100.0,"27,817,070",,0.0,"6,322,062",,0.0,"27,298,510",,0.0,"6,204,209",,0.0,"50,040,590",,0.0,"11,372,861",,0.0,"56,770,550",,0.0,"12,902,397",,0.0,"23,862,000",,0.0,"5,423,176",,0.0
EFA,가정문화,H649,아임슬리핑,"498,859,979","377,161,500",32.3,"111,537,124","84,397,550",32.2,,"74,753,300",-100.0,,"16,957,914",-100.0,,"75,831,900",-100.0,,"17,187,340",-100.0,,"52,407,000",-100.0,,"11,887,984",-100.0,,"47,348,800",-100.0,,"10,697,718",-100.0,,"126,820,500",-100.0,,"27,666,594",-100.0,"117,463,610",,0.0,"26,360,649",,0.0,"105,945,210",,0.0,"23,637,477",,0.0,"108,630,700",,0.0,"24,338,288",,0.0,"69,040,000",,0.0,"15,472,227",,0.0,"97,780,459",,0.0,"21,728,483",,0.0
EFA,가정문화,H773,커스티,"211,555,140","51,669,520",309.4,"48,080,715","11,743,071",309.4,,"8,473,100",-100.0,,"1,925,704",-100.0,,"8,952,720",-100.0,,"2,034,710",-100.0,,"11,425,020",-100.0,,"2,596,598",-100.0,,"10,402,000",-100.0,,"2,364,088",-100.0,,"12,416,680",-100.0,,"2,821,971",-100.0,"16,220,620",,0.0,"3,686,507",,0.0,"71,201,840",,0.0,"16,182,239",,0.0,"24,921,310",,0.0,"5,663,932",,0.0,"60,269,810",,0.0,"13,697,685",,0.0,"38,941,560",,0.0,"8,850,352",,0.0
EFA,가정문화,H787,수아팜,"23,932,720","26,928,150",-11.1,"5,983,180","6,732,039",-11.1,,"5,055,000",-100.0,,"1,263,750",-100.0,,"4,555,150",-100.0,,"1,138,787",-100.0,,"5,204,650",-100.0,,"1,301,163",-100.0,,"7,071,350",-100.0,,"1,767,838",-100.0,,"5,042,000",-100.0,,"1,260,501",-100.0,"3,451,400",,0.0,"862,850",,0.0,"4,311,200",,0.0,"1,077,800",,0.0,"4,566,100",,0.0,"1,141,525",,0.0,"5,811,820",,0.0,"1,452,955",,0.0,"5,792,200",,0.0,"1,448,050",,0.0
EFA,가정문화,H796,HTL,"2,650,000",,0.0,"505,909",,0.0,,,,,,,,,,,,,,,,,,,,,,,,,,,,,,,,,,,,,,,,,,,,,,,,,,,,,,,"2,650,000",,0.0,"505,909",,0.0
EFA,가정문화,H803,알뜨레노띠,"223,378,100","121,040,100",84.5,"34,522,071","18,706,198",84.5,,"27,260,000",-100.0,,"4,212,909",-100.0,,"24,970,000",-100.0,,"3,859,001",-100.0,,"31,280,000",-100.0,,"4,834,181",-100.0,,"15,680,100",-100.0,,"2,423,290",-100.0,,"21,850,000",-100.0,,"3,376,817",-100.0,"44,948,000",,0.0,"6,946,508",,0.0,"54,830,000",,0.0,"8,473,729",,0.0,"35,250,000",,0.0,"5,447,726",,0.0,"31,570,100",,0.0,"4,879,015",,0.0,"56,780,000",,0.0,"8,775,093",,0.0
EFA,가정문화,H866,보몽드,"79,581,800","31,576,000",152.0,"19,533,718","7,750,471",152.0,,,,,,,,,,,,,,,,,,,,"6,293,000",-100.0,,"1,544,645",-100.0,,"25,283,000",-100.0,,"6,205,826",-100.0,,,,,,,,,,,,,,,,,,,,,,,,,"79,581,800",,0.0,"19,533,718",,0.0
EFA,가정문화,H963,에몬스,"108,800,000",,0.0,"10,880,000",,0.0,,,,,,,,,,,,,,,,,,,,,,,,,,,,,,,"57,360,000",,0.0,"5,736,000",,0.0,"51,440,000",,0.0,"5,144,000",,0.0,,,,,,,,,,,,,,,,,,
EFA,가정문화,H967,몽드블랑,,"341,658,260",-100.0,,"40,559,728",-100.0,,"74,596,200",-100.0,,"8,250,866",-100.0,,"113,123,900",-100.0,,"13,650,140",-100.0,,"85,432,860",-100.0,,"10,351,312",-100.0,,"58,887,000",-100.0,,"7,170,700",-100.0,,"9,618,300",-100.0,,"1,136,710",-100.0,,,,,,,,,,,,,,,,,,,,,,,,,,,,,,
EFA,가정문화,H974,샤또,"28,175,000","8,300,000",239.5,"4,610,461","1,358,183",239.5,,,,,,,,,,,,,,,,,,,,,,,,,,"8,300,000",-100.0,,"1,358,183",-100.0,"9,460,000",,0.0,"1,548,000",,0.0,"3,062,000",,0.0,"501,054",,0.0,"3,950,000",,0.0,"646,365",,0.0,"2,047,000",,0.0,"334,966",,0.0,"9,656,000",,0.0,"1,580,076",,0.0
EFA,가정문화,H997,국보온돌침대,"57,310,000","87,904,000",-34.8,"7,815,001","11,986,913",-34.8,,"23,380,000",-100.0,,"3,188,184",-100.0,,"7,566,000",-100.0,,"1,031,728",-100.0,,"17,860,000",-100.0,,"2,435,455",-100.0,,"19,200,000",-100.0,,"2,618,182",-100.0,,"19,898,000",-100.0,,"2,713,364",-100.0,"17,450,000",,0.0,"2,379,543",,0.0,"12,100,000",,0.0,"1,650,002",,0.0,"7,210,000",,0.0,"983,183",,0.0,"13,400,000",,0.0,"1,827,274",,0.0,"7,150,000",,0.0,"974,999",,0.0
EFA,가정문화,I021,리치랜드,"124,857,400","110,897,100",12.6,"22,701,346","20,163,110",12.6,,"17,024,000",-100.0,,"3,095,272",-100.0,,"19,129,000",-100.0,,"3,477,997",-100.0,,"20,385,100",-100.0,,"3,706,382",-100.0,,"27,434,000",-100.0,,"4,988,001",-100.0,,"26,925,000",-100.0,,"4,895,458",-100.0,"18,365,000",,0.0,"3,339,086",,0.0,"18,615,100",,0.0,"3,384,567",,0.0,"18,510,800",,0.0,"3,365,601",,0.0,"29,989,200",,0.0,"5,452,583",,0.0,"39,377,300",,0.0,"7,159,509",,0.0
EFA,가정문화,I045,템퍼,"107,455,800","140,031,300",-23.3,"16,606,802","21,641,203",-23.3,,"26,487,050",-100.0,,"4,093,454",-100.0,,"32,576,750",-100.0,,"5,034,590",-100.0,,"21,875,600",-100.0,,"3,380,777",-100.0,,"34,110,250",-100.0,,"5,271,583",-100.0,,"24,981,650",-100.0,,"3,860,799",-100.0,"10,570,800",,0.0,"1,633,670",,0.0,"18,760,800",,0.0,"2,899,395",,0.0,"31,312,800",,0.0,"4,839,249",,0.0,"20,813,000",,0.0,"3,216,554",,0.0,"25,998,400",,0.0,"4,017,934",,0.0
EFA,가정문화,I047,알레르망,"114,642,780","129,902,400",-11.7,"29,479,235","33,356,203",-11.6,,"15,710,200",-100.0,,"3,980,319",-100.0,,"20,088,900",-100.0,,"5,162,833",-100.0,,"28,480,000",-100.0,,"7,242,541",-100.0,,"40,305,300",-100.0,,"10,335,968",-100.0,,"25,318,000",-100.0,,"6,634,542",-100.0,"16,682,900",,0.0,"4,387,565",,0.0,"20,301,100",,0.0,"5,344,645",,0.0,"28,789,100",,0.0,"7,294,903",,0.0,"28,596,480",,0.0,"7,271,930",,0.0,"20,273,200",,0.0,"5,180,192",,0.0
EFA,가정문화,I050,포트메리온,"429,841,322","278,306,866",54.4,"50,247,998","35,350,929",42.1,,"34,486,710",-100.0,,"4,298,215",-100.0,,"75,123,290",-100.0,,"9,293,921",-100.0,,"76,975,008",-100.0,,"10,030,266",-100.0,,"16,413,430",-100.0,,"1,948,104",-100.0,,"75,308,428",-100.0,,"9,780,423",-100.0,"69,685,310",,0.0,"8,137,901",,0.0,"138,566,270",,0.0,"16,227,807",,0.0,"79,890,232",,0.0,"9,307,736",,0.0,"87,727,110",,0.0,"10,255,915",,0.0,"53,972,400",,0.0,"6,318,639",,0.0
EFA,가정문화,I051,아이리스,"104,337,700","113,822,650",-8.3,"23,716,062","25,868,789",-8.3,,"19,223,400",-100.0,,"4,368,955",-100.0,,"18,753,300",-100.0,,"4,262,115",-100.0,,"25,933,500",-100.0,,"5,893,979",-100.0,,"24,629,500",-100.0,,"5,597,612",-100.0,,"25,282,950",-100.0,,"5,746,128",-100.0,"21,630,500",,0.0,"4,916,020",,0.0,"21,744,000",,0.0,"4,941,818",,0.0,"23,850,000",,0.0,"5,420,456",,0.0,"18,011,200",,0.0,"4,096,405",,0.0,"19,102,000",,0.0,"4,341,363",,0.0
EFA,가정문화,I065,리눔아티카,"81,990,200","43,540,100",88.3,"17,888,744","9,499,654",88.3,,"9,600,100",-100.0,,"2,094,572",-100.0,,"5,655,000",-100.0,,"1,233,818",-100.0,,"7,927,000",-100.0,,"1,729,526",-100.0,,"9,906,000",-100.0,,"2,161,304",-100.0,,"10,452,000",-100.0,,"2,280,434",-100.0,"13,319,000",,0.0,"2,905,962",,0.0,"10,342,000",,0.0,"2,256,428",,0.0,"12,081,000",,0.0,"2,635,846",,0.0,"23,833,000",,0.0,"5,199,920",,0.0,"22,415,200",,0.0,"4,890,588",,0.0
EFA,가정문화,I066,헤지스홈,"165,281,426","113,718,650",45.3,"37,563,962","25,845,146",45.3,,"20,895,050",-100.0,,"4,748,877",-100.0,,"19,990,840",-100.0,,"4,543,367",-100.0,,"22,838,960",-100.0,,"5,190,672",-100.0,,"25,277,600",-100.0,,"5,744,912",-100.0,,"24,716,200",-100.0,,"5,617,318",-100.0,"27,217,700",,0.0,"6,185,846",,0.0,"28,195,926",,0.0,"6,408,165",,0.0,"35,197,800",,0.0,"7,999,499",,0.0,"38,524,400",,0.0,"8,755,545",,0.0,"36,145,600",,0.0,"8,214,907",,0.0
EFA,가정문화,I075,아트박스,"1,658,453,467","1,135,596,570",46.0,"241,229,578","165,177,673",46.0,,"243,043,310",-100.0,,"35,351,763",-100.0,,"245,609,510",-100.0,,"35,725,006",-100.0,,"243,966,710",-100.0,,"35,486,060",-100.0,,"171,916,650",-100.0,,"25,006,052",-100.0,,"231,060,390",-100.0,,"33,608,792",-100.0,"242,764,030",,0.0,"35,311,129",,0.0,"352,473,470",,0.0,"51,268,876",,0.0,"320,521,507",,0.0,"46,621,304",,0.0,"251,081,470",,0.0,"36,520,938",,0.0,"491,612,990",,0.0,"71,507,331",,0.0
EFA,가정문화,I076,수타미,"23,970,490","28,106,820",-14.7,"5,012,010","5,876,881",-14.7,,"6,825,830",-100.0,,"1,427,220",-100.0,,"5,539,400",-100.0,,"1,158,238",-100.0,,"5,220,140",-100.0,,"1,091,482",-100.0,,"6,007,650",-100.0,,"1,256,146",-100.0,,"4,513,800",-100.0,,"943,795",-100.0,"4,073,490",,0.0,"851,728",,0.0,"4,321,200",,0.0,"903,524",,0.0,"6,199,580",,0.0,"1,296,276",,0.0,"4,305,280",,0.0,"900,194",,0.0,"5,070,940",,0.0,"1,060,288",,0.0
EFA,가정문화,I077,하리오,"10,883,020","9,205,680",18.2,"1,582,982","1,339,012",18.2,,"2,122,150",-100.0,,"308,678",-100.0,,"2,043,200",-100.0,,"297,194",-100.0,,"1,251,500",-100.0,,"182,039",-100.0,,"1,921,030",-100.0,,"279,420",-100.0,,"1,867,800",-100.0,,"271,681",-100.0,"3,728,000",,0.0,"542,255",,0.0,"2,583,500",,0.0,"375,781",,0.0,"995,400",,0.0,"144,785",,0.0,"1,643,870",,0.0,"239,107",,0.0,"1,932,250",,0.0,"281,054",,0.0
EFA,가정문화,I079,ELO,"61,854,560","58,976,990",4.9,"8,997,034","8,578,462",4.9,,"14,639,200",-100.0,,"2,129,332",-100.0,,"10,048,860",-100.0,,"1,461,652",-100.0,,"13,829,820",-100.0,,"2,011,607",-100.0,,"11,208,540",-100.0,,"1,630,333",-100.0,,"9,250,570",-100.0,,"1,345,538",-100.0,"12,821,940",,0.0,"1,865,008",,0.0,"12,455,880",,0.0,"1,811,763",,0.0,"12,694,320",,0.0,"1,846,446",,0.0,"12,691,540",,0.0,"1,846,043",,0.0,"11,190,880",,0.0,"1,627,774",,0.0
EFA,가정문화,I082,베루스,"135,946,700","127,437,300",6.7,"35,743,623","33,517,943",6.6,,"24,055,500",-100.0,,"6,328,027",-100.0,,"23,789,800",-100.0,,"6,256,029",-100.0,,"25,611,100",-100.0,,"6,717,955",-100.0,,"25,340,200",-100.0,,"6,679,414",-100.0,,"28,640,700",-100.0,,"7,536,518",-100.0,"25,754,800",,0.0,"6,779,174",,0.0,"24,001,800",,0.0,"6,326,401",,0.0,"29,173,200",,0.0,"7,672,470",,0.0,"27,125,300",,0.0,"7,112,865",,0.0,"29,891,600",,0.0,"7,852,713",,0.0
EFA,가정문화,I084,토니모리,"60,903,020","63,184,050",-3.6,"13,841,588","14,360,005",-3.6,,"14,002,620",-100.0,,"3,182,411",-100.0,,"10,578,630",-100.0,,"2,404,235",-100.0,,"13,065,740",-100.0,,"2,969,483",-100.0,,"13,020,210",-100.0,,"2,959,136",-100.0,,"12,516,850",-100.0,,"2,844,740",-100.0,"12,540,060",,0.0,"2,850,015",,0.0,"12,361,560",,0.0,"2,809,444",,0.0,"11,000,080",,0.0,"2,500,013",,0.0,"13,000,830",,0.0,"2,954,731",,0.0,"12,000,490",,0.0,"2,727,385",,0.0
EFA,가정문화,I085,비비안,"99,600,820","92,817,990",7.3,"24,900,205","23,204,498",7.3,,"16,627,800",-100.0,,"4,156,950",-100.0,,"13,306,540",-100.0,,"3,326,635",-100.0,,"17,302,000",-100.0,,"4,325,500",-100.0,,"19,465,600",-100.0,,"4,866,400",-100.0,,"26,116,050",-100.0,,"6,529,013",-100.0,"15,941,500",,0.0,"3,985,375",,0.0,"16,301,240",,0.0,"4,075,310",,0.0,"17,912,840",,0.0,"4,478,210",,0.0,"22,586,700",,0.0,"5,646,675",,0.0,"26,858,540",,0.0,"6,714,635",,0.0
EFA,가정문화,I086,쟈키,"60,810,980","46,988,130",29.4,"15,479,164","11,960,626",29.4,,"9,082,700",-100.0,,"2,311,964",-100.0,,"6,320,500",-100.0,,"1,608,856",-100.0,,"8,497,500",-100.0,,"2,163,002",-100.0,,"10,038,200",-100.0,,"2,555,179",-100.0,,"13,049,230",-100.0,,"3,321,625",-100.0,"9,823,880",,0.0,"2,500,632",,0.0,"9,755,200",,0.0,"2,483,137",,0.0,"11,186,800",,0.0,"2,847,549",,0.0,"13,426,040",,0.0,"3,417,540",,0.0,"16,619,060",,0.0,"4,230,306",,0.0
EFA,가정문화,I095,아네로,"78,780,500","88,039,500",-10.5,"17,904,661","20,008,980",-10.5,,"13,081,000",-100.0,,"2,972,955",-100.0,,"11,312,500",-100.0,,"2,571,023",-100.0,,"18,060,500",-100.0,,"4,104,658",-100.0,,"21,024,500",-100.0,,"4,778,298",-100.0,,"24,561,000",-100.0,,"5,582,046",-100.0,"12,205,500",,0.0,"2,773,979",,0.0,"10,736,000",,0.0,"2,440,003",,0.0,"14,375,000",,0.0,"3,267,044",,0.0,"21,490,000",,0.0,"4,884,090",,0.0,"19,974,000",,0.0,"4,539,545",,0.0
EFA,가정문화,I102,글라스락,"171,737,360","134,387,908",27.8,"23,418,732","18,325,621",27.8,,,,,,,,"10,696,700",-100.0,,"1,458,643",-100.0,,"47,921,208",-100.0,,"6,534,710",-100.0,,"58,150,800",-100.0,,"7,929,652",-100.0,,"17,619,200",-100.0,,"2,402,616",-100.0,"57,840,400",,0.0,"7,887,327",,0.0,"20,148,400",,0.0,"2,747,508",,0.0,"36,567,100",,0.0,"4,986,426",,0.0,"49,498,760",,0.0,"6,749,829",,0.0,"7,682,700",,0.0,"1,047,642",,0.0
EFA,가정문화,I134,황토방,,"9,930,100",-100.0,,"2,256,842",-100.0,,"2,831,700",-100.0,,"643,567",-100.0,,"7,098,400",-100.0,,"1,613,275",-100.0,,,,,,,,,,,,,,,,,,,,,,,,,,,,,,,,,,,,,,,,,,,,,,,,
EFA,가정문화,I135,나이스필,"60,121,700","79,554,600",-24.4,"12,487,051","16,634,142",-24.9,,"16,852,800",-100.0,,"3,523,766",-100.0,,"9,382,000",-100.0,,"1,961,688",-100.0,,"12,137,500",-100.0,,"2,537,840",-100.0,,"12,453,000",-100.0,,"2,603,811",-100.0,,"28,729,300",-100.0,,"6,007,037",-100.0,"10,785,000",,0.0,"2,255,047",,0.0,"5,934,500",,0.0,"1,240,850",,0.0,"15,438,700",,0.0,"3,228,093",,0.0,"15,013,000",,0.0,"3,055,228",,0.0,"12,950,500",,0.0,"2,707,833",,0.0
EFA,가정문화,I193,엠엘디자인퍼니처,,"2,200,000",-100.0,,"320,000",-100.0,,"2,200,000",-100.0,,"320,000",-100.0,,,,,,,,,,,,,,,,,,,,,,,,,,,,,,,,,,,,,,,,,,,,,,,,,,,,,,
EFA,가정문화,I200,루루포헤,,"17,766,300",-100.0,,"2,664,945",-100.0,,,,,,,,,,,,,,,,,,,,,,,,,,"17,766,300",-100.0,,"2,664,945",-100.0,,,,,,,,,,,,,,,,,,,,,,,,,,,,,,
EFA,가정문화,I204,금성침대,"285,742,250","312,428,300",-8.5,"49,355,477","53,405,999",-7.6,,"68,446,000",-100.0,,"11,544,786",-100.0,,"77,667,300",-100.0,,"13,076,808",-100.0,,"52,947,000",-100.0,,"9,202,660",-100.0,,"68,450,000",-100.0,,"11,823,182",-100.0,,"44,918,000",-100.0,,"7,758,563",-100.0,"26,757,000",,0.0,"4,621,662",,0.0,"62,111,000",,0.0,"10,728,262",,0.0,"55,791,750",,0.0,"9,636,757",,0.0,"79,410,000",,0.0,"13,716,273",,0.0,"61,672,500",,0.0,"10,652,523",,0.0
EFA,가정문화,I222,미다움아트,,"24,067,500",-100.0,,"4,375,913",-100.0,,"3,199,000",-100.0,,"581,637",-100.0,,"4,744,000",-100.0,,"862,543",-100.0,,"5,219,500",-100.0,,"949,001",-100.0,,"4,387,000",-100.0,,"797,640",-100.0,,"6,518,000",-100.0,,"1,185,092",-100.0,,,,,,,,,,,,,,,,,,,,,,,,,,,,,,
EFA,가정문화,I229,롬베드,,"41,183,000",-100.0,,"6,364,647",-100.0,,"6,980,000",-100.0,,"1,078,729",-100.0,,"10,205,000",-100.0,,"1,577,135",-100.0,,"11,180,000",-100.0,,"1,727,820",-100.0,,"6,648,000",-100.0,,"1,027,418",-100.0,,"6,170,000",-100.0,,"953,545",-100.0,,,,,,,,,,,,,,,,,,,,,,,,,,,,,,
EFA,가정문화,I236,라미에스,"314,035,588","143,993,500",118.1,"42,823,037","19,635,466",118.1,,"45,246,000",-100.0,,"6,169,907",-100.0,,"30,883,000",-100.0,,"4,211,316",-100.0,,"18,453,000",-100.0,,"2,516,315",-100.0,,"29,705,000",-100.0,,"4,050,679",-100.0,,"19,706,500",-100.0,,"2,687,249",-100.0,"76,019,500",,0.0,"10,366,295",,0.0,"73,862,000",,0.0,"10,072,088",,0.0,"60,600,088",,0.0,"8,263,652",,0.0,"50,927,000",,0.0,"6,944,596",,0.0,"52,627,000",,0.0,"7,176,406",,0.0
EFA,가정문화,I263,토치,"46,000","21,933,500",-99.8,"5,436","2,592,144",-99.8,,"14,675,500",-100.0,,"1,734,382",-100.0,,"4,302,000",-100.0,,"508,416",-100.0,,"2,216,000",-100.0,,"261,894",-100.0,,"567,000",-100.0,,"67,006",-100.0,,"173,000",-100.0,,"20,446",-100.0,,,,,,,"46,000",,0.0,"5,436",,0.0,,,,,,,,,,,,,,,,,,
EFA,가정문화,I282,동행축제,"9,974,200",,0.0,"1,360,121",,0.0,,,,,,,,,,,,,,,,,,,,,,,,,,,,,,,,,,,,,,,,,,,,,,,,,,,,,,,"9,974,200",,0.0,"1,360,121",,0.0
EFA,가정문화,I301,테팔,"327,208,200","84,386,000",287.8,"29,746,200","7,671,456",287.8,,,,,,,,"45,339,800",-100.0,,"4,121,800",-100.0,,,,,,,,,,,,,,"39,046,200",-100.0,,"3,549,656",-100.0,,,,,,,"47,568,900",,0.0,"4,324,445",,0.0,"49,061,100",,0.0,"4,460,100",,0.0,"144,240,100",,0.0,"13,112,738",,0.0,"86,338,100",,0.0,"7,848,917",,0.0
EFA,가정문화,I303,코렐,"37,517,025","39,012,490",-3.8,"5,115,961","5,319,885",-3.8,,"11,932,020",-100.0,,"1,627,091",-100.0,,"6,263,770",-100.0,,"854,151",-100.0,,"10,605,010",-100.0,,"1,446,141",-100.0,,"3,689,870",-100.0,,"503,164",-100.0,,"6,521,820",-100.0,,"889,338",-100.0,"7,015,250",,0.0,"956,626",,0.0,"8,581,350",,0.0,"1,170,183",,0.0,"6,657,700",,0.0,"907,870",,0.0,"6,880,310",,0.0,"938,225",,0.0,"8,382,415",,0.0,"1,143,057",,0.0
EFA,가정문화,I310,PN풍년,"24,728,219",,0.0,"3,821,635",,0.0,,,,,,,,,,,,,,,,,,,,,,,,,,,,,,,"8,065,319",,0.0,"1,246,459",,0.0,"16,662,900",,0.0,"2,575,176",,0.0,,,,,,,,,,,,,,,,,,
EFA,가정문화,I319,무유무유,,"2,247,660",-100.0,,"326,931",-100.0,,"2,247,660",-100.0,,"326,931",-100.0,,,,,,,,,,,,,,,,,,,,,,,,,,,,,,,,,,,,,,,,,,,,,,,,,,,,,,
EFA,가정문화,I320,레스토닉,"17,614,000","58,349,000",-69.8,"3,682,928","12,200,245",-69.8,,"23,597,000",-100.0,,"4,933,918",-100.0,,"3,620,000",-100.0,,"756,910",-100.0,,"15,254,000",-100.0,,"3,189,472",-100.0,,"5,240,000",-100.0,,"1,095,636",-100.0,,"10,638,000",-100.0,,"2,224,309",-100.0,"2,000,000",,0.0,"418,182",,0.0,"3,429,000",,0.0,"716,973",,0.0,"790,000",,0.0,"165,182",,0.0,"2,179,000",,0.0,"455,609",,0.0,"9,216,000",,0.0,"1,926,982",,0.0
EFA,가정문화,I336,라쿠모,,"766,000",-100.0,,"146,236",-100.0,,"359,000",-100.0,,"68,536",-100.0,,"308,000",-100.0,,"58,800",-100.0,,"99,000",-100.0,,"18,900",-100.0,,,,,,,,,,,,,,,,,,,,,,,,,,,,,,,,,,,,,,,,,,
EFA,가정문화,I348,보물섬,,"13,926,718",-100.0,,"1,266,061",-100.0,,"11,235,900",-100.0,,"1,021,441",-100.0,,"2,690,818",-100.0,,"244,620",-100.0,,,,,,,,,,,,,,,,,,,,,,,,,,,,,,,,,,,,,,,,,,,,,,,,
EFA,가정문화,I349,동원 천지인,,"59,000",-100.0,,"10,727",-100.0,,"59,000",-100.0,,"10,727",-100.0,,,,,,,,,,,,,,,,,,,,,,,,,,,,,,,,,,,,,,,,,,,,,,,,,,,,,,
EFA,가정문화,I355,디자인엔,"20,780,500","5,678,700",265.9,"3,400,445","929,242",265.9,,"5,678,700",-100.0,,"929,242",-100.0,,,,,,,,,,,,,,,,,,,,,,,,,"-198,000",,0.0,"-32,400",,0.0,,,,,,,,,,,,,,,,,,,"20,978,500",,0.0,"3,432,845",,0.0
EFA,가정문화,I365,인우엔터프라이즈,,"4,751,000",-100.0,,"1,079,772",-100.0,,"4,751,000",-100.0,,"1,079,772",-100.0,,,,,,,,,,,,,,,,,,,,,,,,,,,,,,,,,,,,,,,,,,,,,,,,,,,,,,
EFA,가정문화,I368,리빙아트,"5,994,200",0,0.0,"1,253,334",0,0.0,,0,0.0,,0,0.0,,0,0.0,,0,0.0,,,,,,,,,,,,,,,,,,,,,,,,,,,,,,,,,,,,,"5,994,200",,0.0,"1,253,334",,0.0,,,,,,
EFA,가정문화,I378,씰리,"156,247,009","88,124,900",77.3,"24,147,259","13,619,301",77.3,,,,,,,,"70,263,000",-100.0,,"10,858,825",-100.0,,"-2,690,000",100.0,,"-415,728",100.0,,0,0.0,,0,0.0,,"20,551,900",-100.0,,"3,176,204",-100.0,"11,630,000",,0.0,"1,797,364",,0.0,"72,372,001",,0.0,"11,184,764",,0.0,"24,867,000",,0.0,"3,843,081",,0.0,"16,226,008",,0.0,"2,507,652",,0.0,"31,152,000",,0.0,"4,814,398",,0.0
EFA,가정문화,I415,코르시카나,"58,121,010","40,442,000",43.7,"9,510,708","6,798,236",39.9,,,,,,,,,,,,,,"6,595,000",-100.0,,"1,083,726",-100.0,,"20,340,000",-100.0,,"3,500,182",-100.0,,"13,507,000",-100.0,,"2,214,328",-100.0,"15,980,000",,0.0,"2,614,909",,0.0,"10,620,000",,0.0,"1,737,817",,0.0,"14,582,000",,0.0,"2,386,143",,0.0,"9,705,000",,0.0,"1,588,091",,0.0,"7,234,010",,0.0,"1,183,748",,0.0
EFA,가정문화,I418,하우스웨어,,"45,862,800",-100.0,,"5,119,337",-100.0,,,,,,,,,,,,,,,,,,,,"15,835,720",-100.0,,"1,727,535",-100.0,,"30,027,080",-100.0,,"3,391,802",-100.0,,,,,,,,,,,,,,,,,,,,,,,,,,,,,,
EFA,가정문화,I446,네스프레소,,"2,403,000",-100.0,,"327,681",-100.0,,,,,,,,,,,,,,,,,,,,,,,,,,"2,403,000",-100.0,,"327,681",-100.0,,,,,,,,,,,,,,,,,,,,,,,,,,,,,,
EFA,가정문화,I500,소피의 가게,"57,319,200",,0.0,"11,984,923",,0.0,,,,,,,,,,,,,,,,,,,,,,,,,,,,,,,"10,333,000",,0.0,"2,160,538",,0.0,"4,422,000",,0.0,"924,598",,0.0,"11,375,000",,0.0,"2,378,409",,0.0,"11,086,000",,0.0,"2,317,982",,0.0,"20,103,200",,0.0,"4,203,396",,0.0
EFA,가정문화,I506,파고,"23,824,300",,0.0,"4,764,860",,0.0,,,,,,,,,,,,,,,,,,,,,,,,,,,,,,,,,,,,,"23,824,300",,0.0,"4,764,860",,0.0,,,,,,,,,,,,,,,,,,
EFA,가정문화,I664,쿡셀,"3,145,400",,0.0,"543,296",,0.0,,,,,,,,,,,,,,,,,,,,,,,,,,,,,,,,,,,,,,,,,,,,,,,,,,,,,,,"3,145,400",,0.0,"543,296",,0.0
EFA,가정문화,I684,일룸(ILOOM),"499,803,300",,0.0,"36,349,332",,0.0,,,,,,,,,,,,,,,,,,,,,,,,,,,,,,,"122,563,000",,0.0,"8,913,673",,0.0,"124,124,000",,0.0,"9,027,199",,0.0,"100,363,800",,0.0,"7,299,182",,0.0,"66,113,500",,0.0,"4,808,258",,0.0,"86,639,000",,0.0,"6,301,020",,0.0
EFA,가정문화,I763,인까사,"239,721,700","153,955,350",55.7,"33,186,719","21,556,729",54.0,,"19,578,000",-100.0,,"2,668,691",-100.0,,"30,201,000",-100.0,,"4,240,307",-100.0,,"29,785,350",-100.0,,"4,148,569",-100.0,,"30,925,000",-100.0,,"4,534,872",-100.0,,"43,466,000",-100.0,,"5,964,290",-100.0,"37,740,000",,0.0,"5,216,727",,0.0,"46,598,100",,0.0,"6,302,776",,0.0,"46,648,600",,0.0,"6,724,340",,0.0,"33,982,000",,0.0,"4,645,348",,0.0,"74,753,000",,0.0,"10,297,528",,0.0
EFA,가정문화,I781,디바코,"27,647,200",,0.0,"5,026,762",,0.0,,,,,,,,,,,,,,,,,,,,,,,,,,,,,,,"3,844,000",,0.0,"698,910",,0.0,"5,539,400",,0.0,"1,007,165",,0.0,"6,059,200",,0.0,"1,101,673",,0.0,"3,919,600",,0.0,"712,655",,0.0,"8,285,000",,0.0,"1,506,359",,0.0
EFA,가정문화,I810,하이마트,"2,712,633,449",,0.0,"97,732,871",,0.0,,,,,,,,,,,,,,,,,,,,,,,,,,,,,,,"114,044,953",,0.0,"2,591,932",,0.0,"315,805,929",,0.0,"7,177,405",,0.0,"232,164,921",,0.0,"5,276,475",,0.0,"696,477,932",,0.0,"27,290,434",,0.0,"1,354,139,714",,0.0,"55,396,625",,0.0
EFA,가정문화,I822,까유,"43,769,860",,0.0,"8,753,972",,0.0,,,,,,,,,,,,,,,,,,,,,,,,,,,,,,,"3,799,790",,0.0,"759,958",,0.0,"21,560,400",,0.0,"4,312,080",,0.0,,,,,,,"18,409,670",,0.0,"3,681,934",,0.0,,,,,,
EFA,가정문화,I832,타파웨어,"8,440,910",,0.0,"1,074,298",,0.0,,,,,,,,,,,,,,,,,,,,,,,,,,,,,,,"4,767,010",,0.0,"606,711",,0.0,"3,673,900",,0.0,"467,587",,0.0,,,,,,,,,,,,,,,,,,
EFA,가정문화,I834,한샘홈퍼니싱,"145,779,696",,0.0,"19,879,051",,0.0,,,,,,,,,,,,,,,,,,,,,,,,,,,,,,,,,,,,,"67,275,096",,0.0,"9,173,877",,0.0,"78,404,600",,0.0,"10,691,538",,0.0,"100,000",,0.0,"13,636",,0.0,,,,,,
EFA,가정문화,I876,작은북유럽,"7,447,000",,0.0,"1,354,001",,0.0,,,,,,,,,,,,,,,,,,,,,,,,,,,,,,,,,,,,,,,,,,,"7,447,000",,0.0,"1,354,001",,0.0,,,,,,,,,,,,
EFA,가정문화,I886,엘르홈,"35,553,000","55,369,000",-35.8,"6,464,183","10,067,094",-35.8,,"10,581,000",-100.0,,"1,923,819",-100.0,,"10,885,000",-100.0,,"1,979,088",-100.0,,"10,076,000",-100.0,,"1,832,000",-100.0,,"10,658,000",-100.0,,"1,937,822",-100.0,,"13,169,000",-100.0,,"2,394,365",-100.0,"7,121,000",,0.0,"1,294,728",,0.0,"6,820,000",,0.0,"1,240,002",,0.0,"6,239,000",,0.0,"1,134,365",,0.0,"5,600,000",,0.0,"1,018,183",,0.0,"9,773,000",,0.0,"1,776,905",,0.0
EFA,가정문화,I933,그랜드침대,"209,995,000","142,826,000",47.0,"32,453,770","22,073,109",47.0,,"34,990,000",-100.0,,"5,407,545",-100.0,,"38,546,000",-100.0,,"5,957,111",-100.0,,"21,380,000",-100.0,,"3,304,181",-100.0,,"29,220,000",-100.0,,"4,515,819",-100.0,,"18,690,000",-100.0,,"2,888,453",-100.0,"40,590,000",,0.0,"6,273,000",,0.0,"42,050,000",,0.0,"6,498,638",,0.0,"36,660,000",,0.0,"5,665,633",,0.0,"43,355,000",,0.0,"6,803,813",,0.0,"47,340,000",,0.0,"7,212,686",,0.0
EFA,가정문화,I949,라움플라워,"4,609,600",,0.0,"628,583",,0.0,,,,,,,,,,,,,,,,,,,,,,,,,,,,,,,,,,,,,,,,,,,,,,,,,,,,,,,"4,609,600",,0.0,"628,583",,0.0
EFA,가정문화,T101,닥스침구(),"129,332,920","97,865,300",32.2,"32,921,098","24,911,152",32.2,,"18,291,320",-100.0,,"4,655,966",-100.0,,"10,340,000",-100.0,,"2,632,001",-100.0,,"19,095,820",-100.0,,"4,860,751",-100.0,,"25,770,860",-100.0,,"6,559,854",-100.0,,"24,367,300",-100.0,,"6,202,580",-100.0,"22,515,840",,0.0,"5,731,299",,0.0,"20,396,300",,0.0,"5,191,783",,0.0,"19,132,680",,0.0,"4,870,142",,0.0,"33,449,100",,0.0,"8,514,313",,0.0,"33,839,000",,0.0,"8,613,561",,0.0
EFA,가정문화,T127,한국도자기,"138,616,268","133,809,426",3.6,"27,855,990","27,207,758",2.4,,"28,791,508",-100.0,,"5,889,180",-100.0,,"27,703,258",-100.0,,"5,666,579",-100.0,,"27,250,020",-100.0,,"5,573,868",-100.0,,"24,915,410",-100.0,,"4,934,680",-100.0,,"25,149,230",-100.0,,"5,143,451",-100.0,"27,105,470",,0.0,"5,544,303",,0.0,"32,372,680",,0.0,"6,349,661",,0.0,"22,396,790",,0.0,"4,581,160",,0.0,"27,095,878",,0.0,"5,370,815",,0.0,"29,645,450",,0.0,"6,010,051",,0.0
EFA,가정문화,T518,보니타하우스,"112,854,460","150,695,150",-25.1,"13,337,346","17,751,955",-24.9,,"32,767,940",-100.0,,"3,872,568",-100.0,,"28,726,520",-100.0,,"3,394,950",-100.0,,"31,316,660",-100.0,,"3,701,060",-100.0,,"26,037,520",-100.0,,"3,077,160",-100.0,,"31,846,510",-100.0,,"3,706,217",-100.0,"32,189,900",,0.0,"3,804,264",,0.0,"70,895,540",,0.0,"8,378,564",,0.0,"9,769,020",,0.0,"1,154,518",,0.0,,,,,,,,,,,,
EFA,가정문화,T522,데일리라이크,"185,801,720","183,620,870",1.2,"30,403,916","30,047,046",1.2,,"27,272,640",-100.0,,"4,462,797",-100.0,,"29,100,750",-100.0,,"4,761,938",-100.0,,"38,864,980",-100.0,,"6,359,724",-100.0,,"44,627,700",-100.0,,"7,302,713",-100.0,,"43,754,800",-100.0,,"7,159,874",-100.0,"33,501,550",,0.0,"5,482,072",,0.0,"34,098,800",,0.0,"5,579,803",,0.0,"33,890,800",,0.0,"5,545,766",,0.0,"37,775,810",,0.0,"6,181,495",,0.0,"46,534,760",,0.0,"7,614,780",,0.0
EFA,가정문화,T546,인까사,"41,418,000","84,170,000",-50.8,"8,660,128","15,850,909",-45.4,,"10,203,000",-100.0,,"2,040,626",-100.0,,"6,937,000",-100.0,,"1,450,464",-100.0,,"33,595,000",-100.0,,"6,120,456",-100.0,,"14,422,000",-100.0,,"2,669,053",-100.0,,"19,013,000",-100.0,,"3,570,310",-100.0,"11,940,000",,0.0,"2,496,546",,0.0,"4,260,000",,0.0,"890,727",,0.0,"5,630,000",,0.0,"1,177,182",,0.0,"11,788,000",,0.0,"2,464,763",,0.0,"7,800,000",,0.0,"1,630,910",,0.0
EFA,가정문화,T596,데코라인,,"121,467,800",-100.0,,"16,563,790",-100.0,,"20,701,500",-100.0,,"2,822,933",-100.0,,"20,281,200",-100.0,,"2,765,616",-100.0,,"26,545,000",-100.0,,"3,619,774",-100.0,,"54,717,100",-100.0,,"7,461,421",-100.0,,"-777,000",100.0,,"-105,954",100.0,,,,,,,,,,,,,,,,,,,,,,,,,,,,,,
EFA,가정문화,T642,헤지스홈,"86,331,100","75,078,600",15.0,"16,404,002","14,643,427",12.0,,"16,882,500",-100.0,,"3,346,483",-100.0,,"12,370,000",-100.0,,"2,449,491",-100.0,,"11,823,000",-100.0,,"2,323,691",-100.0,,"12,978,800",-100.0,,"2,531,178",-100.0,,"21,024,300",-100.0,,"3,992,584",-100.0,"10,942,400",,0.0,"2,078,385",,0.0,"14,267,000",,0.0,"2,703,617",,0.0,"11,048,200",,0.0,"2,173,581",,0.0,"13,769,600",,0.0,"2,606,973",,0.0,"36,303,900",,0.0,"6,841,446",,0.0
EFA,가정문화,T646,전자랜드,"931,292,842","938,118,332",-0.7,"50,839,171","51,188,797",-0.7,,"180,068,842",-100.0,,"9,821,937",-100.0,,"137,075,253",-100.0,,"7,482,812",-100.0,,"203,723,370",-100.0,,"11,121,275",-100.0,,"215,155,157",-100.0,,"11,739,371",-100.0,,"202,095,710",-100.0,,"11,023,402",-100.0,"190,661,550",,0.0,"10,418,630",,0.0,"159,337,933",,0.0,"8,702,795",,0.0,"194,511,492",,0.0,"10,615,627",,0.0,"203,586,329",,0.0,"11,106,345",,0.0,"183,195,538",,0.0,"9,995,774",,0.0
EFA,가정문화,T657,흙표흙침대,"8,900,000","78,167,000",-88.6,"1,375,455","12,080,354",-88.6,,"19,310,000",-100.0,,"2,984,271",-100.0,,"10,860,000",-100.0,,"1,678,363",-100.0,,"13,427,000",-100.0,,"2,075,083",-100.0,,"11,090,000",-100.0,,"1,713,908",-100.0,,"23,480,000",-100.0,,"3,628,729",-100.0,,,,,,,"8,900,000",,0.0,"1,375,455",,0.0,0,,0.0,0,,0.0,,,,,,,,,,,,
EFA,가정문화,T821,클푸,"22,713,000","89,119,800",-74.5,"4,503,255","20,752,016",-78.3,,"16,531,300",-100.0,,"3,941,188",-100.0,,"20,183,000",-100.0,,"4,581,110",-100.0,,"15,625,900",-100.0,,"3,721,899",-100.0,,"18,617,600",-100.0,,"4,331,420",-100.0,,"18,162,000",-100.0,,"4,176,399",-100.0,"9,352,000",,0.0,"1,870,400",,0.0,"13,361,000",,0.0,"2,632,855",,0.0,,,,,,,,,,,,,,,,,,
EFA,가정문화,T827,빌레로이앤보흐,"76,051,720","105,157,300",-27.7,"13,827,586","19,119,501",-27.7,,"16,504,800",-100.0,,"3,000,869",-100.0,,"32,520,450",-100.0,,"5,912,805",-100.0,,"16,590,470",-100.0,,"3,016,447",-100.0,,"18,316,630",-100.0,,"3,330,294",-100.0,,"21,224,950",-100.0,,"3,859,086",-100.0,"22,255,850",,0.0,"4,046,521",,0.0,"53,624,570",,0.0,"9,749,919",,0.0,"171,300",,0.0,"31,146",,0.0,,,,,,,,,,,,
EFA,가정문화,#,지정되지 않음,"709,710,495","813,849,915",-12.8,"632,364,282","734,032,080",-13.9,,"163,987,086",-100.0,,"147,909,351",-100.0,,"167,040,205",-100.0,,"150,649,953",-100.0,,"163,885,569",-100.0,,"147,909,583",-100.0,,"163,235,339",-100.0,,"147,264,509",-100.0,,"155,701,716",-100.0,,"140,298,684",-100.0,"145,617,001",,0.0,"130,066,786",,0.0,"141,670,788",,0.0,"126,144,595",,0.0,"137,785,302",,0.0,"122,405,314",,0.0,"142,220,284",,0.0,"126,850,477",,0.0,"142,417,120",,0.0,"126,897,110",,0.0
EGA,테넌트일반,결과,,"25,020,367,530","17,852,954,791",40.1,"5,141,740,990","4,472,802,539",15.0,,"3,860,512,294",-100.0,,"925,676,481",-100.0,,"3,575,970,944",-100.0,,"885,997,352",-100.0,,"3,732,124,176",-100.0,,"898,399,932",-100.0,,"3,066,136,380",-100.0,,"852,497,487",-100.0,,"3,618,210,997",-100.0,,"910,231,287",-100.0,"4,745,629,470",,0.0,"1,032,673,153",,0.0,"4,869,400,026",,0.0,"1,014,122,617",,0.0,"4,953,222,145",,0.0,"1,046,900,612",,0.0,"4,841,577,533",,0.0,"1,002,266,339",,0.0,"5,610,538,356",,0.0,"1,045,778,269",,0.0
EGA,테넌트일반,A445,꾸까,"108,506,933","96,726,180",12.2,"19,470,021","17,373,469",12.1,,"15,976,900",-100.0,,"2,868,913",-100.0,,"18,609,720",-100.0,,"3,342,766",-100.0,,"18,665,780",-100.0,,"3,350,155",-100.0,,"15,022,150",-100.0,,"2,697,596",-100.0,,"28,451,630",-100.0,,"5,114,039",-100.0,"22,884,820",,0.0,"4,110,185",,0.0,"15,591,500",,0.0,"2,794,444",,0.0,"23,863,292",,0.0,"4,282,803",,0.0,"13,504,997",,0.0,"2,421,121",,0.0,"32,662,324",,0.0,"5,861,468",,0.0
EGA,테넌트일반,A488,챔피온(CHAMPION),"327,247,410","388,865,620",-15.8,"39,965,366","47,735,429",-16.3,,"89,371,200",-100.0,,"11,041,082",-100.0,,"91,016,850",-100.0,,"11,244,860",-100.0,,"71,636,650",-100.0,,"8,747,179",-100.0,,"58,558,470",-100.0,,"7,137,040",-100.0,,"78,282,450",-100.0,,"9,565,268",-100.0,"80,441,100",,0.0,"9,924,947",,0.0,"69,291,330",,0.0,"8,495,489",,0.0,"59,729,050",,0.0,"7,223,628",,0.0,"43,904,850",,0.0,"5,351,963",,0.0,"73,881,080",,0.0,"8,969,339",,0.0
EGA,테넌트일반,C048,풋볼그라운드,"10,144,000","14,346,000",-29.3,"922,182","1,304,183",-29.3,,"2,640,000",-100.0,,"240,000",-100.0,,"2,306,000",-100.0,,"209,637",-100.0,,"4,240,000",-100.0,,"385,455",-100.0,,"2,420,000",-100.0,,"220,000",-100.0,,"2,740,000",-100.0,,"249,091",-100.0,"640,000",,0.0,"58,182",,0.0,"2,234,000",,0.0,"203,091",,0.0,"2,260,000",,0.0,"205,455",,0.0,"2,550,000",,0.0,"231,818",,0.0,"2,460,000",,0.0,"223,636",,0.0
EGA,테넌트일반,C425,북스리브로,,"508,542,560",-100.0,,"19,608,834",-100.0,,"112,662,760",-100.0,,"4,341,149",-100.0,,"97,715,410",-100.0,,"3,758,882",-100.0,,"129,601,980",-100.0,,"5,015,486",-100.0,,"79,485,780",-100.0,,"3,071,616",-100.0,,"89,076,630",-100.0,,"3,421,701",-100.0,,,,,,,,,,,,,,,,,,,,,,,,,,,,,,
EGA,테넌트일반,C518,교보문고,"1,482,458,430","1,514,115,680",-2.1,"52,869,806","56,006,740",-5.6,,"335,415,270",-100.0,,"12,033,907",-100.0,,"339,647,640",-100.0,,"12,482,624",-100.0,,"346,858,400",-100.0,,"13,036,822",-100.0,,"220,560,200",-100.0,,"8,322,512",-100.0,,"271,634,170",-100.0,,"10,130,875",-100.0,"309,134,190",,0.0,"11,029,653",,0.0,"337,850,960",,0.0,"12,067,006",,0.0,"311,065,290",,0.0,"11,045,386",,0.0,"226,446,620",,0.0,"8,068,183",,0.0,"297,961,370",,0.0,"10,659,578",,0.0
EGA,테넌트일반,D025,새롬유통,"1,882,200","1,313,400",43.3,"427,772","298,499",43.3,,"205,600",-100.0,,"46,727",-100.0,,"216,400",-100.0,,"49,182",-100.0,,"306,400",-100.0,,"69,636",-100.0,,"288,400",-100.0,,"65,545",-100.0,,"296,600",-100.0,,"67,409",-100.0,"226,100",,0.0,"51,386",,0.0,"333,600",,0.0,"75,818",,0.0,"426,600",,0.0,"96,955",,0.0,"409,100",,0.0,"92,977",,0.0,"486,800",,0.0,"110,636",,0.0
EGA,테넌트일반,D069,무인상점24,"30,723,300","47,029,143",-34.7,"3,928,750","5,988,012",-34.4,,"6,636,334",-100.0,,"822,234",-100.0,,"11,085,185",-100.0,,"1,419,430",-100.0,,"12,084,286",-100.0,,"1,565,873",-100.0,,"7,932,065",-100.0,,"1,001,959",-100.0,,"9,291,273",-100.0,,"1,178,516",-100.0,"5,287,212",,0.0,"656,382",,0.0,"6,191,937",,0.0,"793,579",,0.0,"7,745,779",,0.0,"1,004,978",,0.0,"6,005,672",,0.0,"769,598",,0.0,"5,492,700",,0.0,"704,213",,0.0
EGA,테넌트일반,D284,펀앤조이,"8,425,800","6,579,700",28.1,"1,531,963","1,352,151",13.3,,"742,000",-100.0,,"168,637",-100.0,,,,,,,,"1,218,000",-100.0,,"276,818",-100.0,,"1,686,000",-100.0,,"348,091",-100.0,,"2,933,700",-100.0,,"558,605",-100.0,"2,172,100",,0.0,"394,927",,0.0,"2,206,700",,0.0,"401,218",,0.0,"2,442,000",,0.0,"444,000",,0.0,"1,605,000",,0.0,"291,818",,0.0,,,,,,
EGA,테넌트일반,D547,좋은영화,"1,046,541,243","629,952,221",66.1,"114,168,133","68,722,056",66.1,,"177,694,325",-100.0,,"19,384,835",-100.0,,"107,724,095",-100.0,,"11,751,717",-100.0,,"106,211,234",-100.0,,"11,586,682",-100.0,,"89,919,829",-100.0,,"9,809,432",-100.0,,"148,402,738",-100.0,,"16,189,390",-100.0,"185,527,837",,0.0,"20,239,401",,0.0,"236,770,311",,0.0,"25,829,485",,0.0,"252,557,032",,0.0,"27,551,675",,0.0,"150,567,457",,0.0,"16,425,541",,0.0,"221,118,606",,0.0,"24,122,031",,0.0
EGA,테넌트일반,E331,배터리몬,"61,000","285,000",-78.6,"11,090","51,818",-78.6,,,,,,,,"102,000",-100.0,,"18,545",-100.0,,"35,000",-100.0,,"6,364",-100.0,,"44,000",-100.0,,"8,000",-100.0,,"104,000",-100.0,,"18,909",-100.0,,,,,,,"20,000",,0.0,"3,636",,0.0,"9,000",,0.0,"1,636",,0.0,"15,000",,0.0,"2,727",,0.0,"17,000",,0.0,"3,091",,0.0
EGA,테넌트일반,E390,미디어캡슐,"10,090,000","13,018,000",-22.5,"1,834,545","2,366,909",-22.5,,"2,621,000",-100.0,,"476,545",-100.0,,,,,,,,"5,228,000",-100.0,,"950,546",-100.0,,"2,534,000",-100.0,,"460,727",-100.0,,"2,635,000",-100.0,,"479,091",-100.0,"2,502,000",,0.0,"454,909",,0.0,,,,,,,"3,505,500",,0.0,"637,363",,0.0,"952,500",,0.0,"173,182",,0.0,"3,130,000",,0.0,"569,091",,0.0
EGA,테넌트일반,E406,인생네컷,"66,617,000","87,627,500",-24.0,"7,764,866","10,244,005",-24.2,,"23,827,500",-100.0,,"2,761,323",-100.0,,"12,809,000",-100.0,,"1,476,941",-100.0,,"23,343,500",-100.0,,"2,765,420",-100.0,,"15,374,000",-100.0,,"1,778,312",-100.0,,"12,273,500",-100.0,,"1,462,009",-100.0,"17,903,500",,0.0,"2,076,390",,0.0,"9,611,000",,0.0,"1,109,600",,0.0,"16,188,500",,0.0,"1,903,613",,0.0,"15,063,500",,0.0,"1,755,691",,0.0,"7,850,500",,0.0,"919,572",,0.0
EGA,테넌트일반,E859,미니파크,"2,448,900","2,119,300",15.6,"333,941","288,996",15.6,,"383,100",-100.0,,"52,241",-100.0,,"282,200",-100.0,,"38,482",-100.0,,"519,300",-100.0,,"70,814",-100.0,,"468,900",-100.0,,"63,941",-100.0,,"465,800",-100.0,,"63,518",-100.0,"344,100",,0.0,"46,923",,0.0,"344,100",,0.0,"46,923",,0.0,"562,800",,0.0,"76,745",,0.0,"485,200",,0.0,"66,164",,0.0,"712,700",,0.0,"97,186",,0.0
EGA,테넌트일반,E901,블럭버스,"73,817,700","115,490,450",-36.1,"10,131,907","14,435,282",-29.8,,"27,339,480",-100.0,,"3,435,070",-100.0,,"23,437,340",-100.0,,"2,931,256",-100.0,,"25,479,050",-100.0,,"3,198,175",-100.0,,"17,165,630",-100.0,,"2,132,354",-100.0,,"22,068,950",-100.0,,"2,738,427",-100.0,"17,865,500",,0.0,"2,394,873",,0.0,"18,774,900",,0.0,"2,534,702",,0.0,"12,568,100",,0.0,"1,757,174",,0.0,"10,500,200",,0.0,"1,464,582",,0.0,"14,109,000",,0.0,"1,980,576",,0.0
EGA,테넌트일반,E969,휘게문고,"455,872,870","428,961,830",6.3,"35,383,524","33,324,179",6.2,,"101,317,030",-100.0,,"7,872,676",-100.0,,"93,117,820",-100.0,,"7,247,562",-100.0,,"80,949,260",-100.0,,"6,292,185",-100.0,,"61,077,120",-100.0,,"4,734,829",-100.0,,"92,500,600",-100.0,,"7,176,927",-100.0,"100,618,530",,0.0,"7,819,956",,0.0,"101,078,860",,0.0,"7,849,357",,0.0,"85,213,600",,0.0,"6,619,657",,0.0,"68,649,400",,0.0,"5,325,030",,0.0,"100,312,480",,0.0,"7,769,524",,0.0
EGA,테넌트일반,E972,방탈출게임,"157,661,000","178,306,000",-11.6,"17,199,376","19,451,566",-11.6,,"46,359,000",-100.0,,"5,057,346",-100.0,,"43,450,000",-100.0,,"4,740,000",-100.0,,"32,316,000",-100.0,,"3,525,382",-100.0,,"23,087,000",-100.0,,"2,518,583",-100.0,,"33,094,000",-100.0,,"3,610,255",-100.0,"38,264,000",,0.0,"4,174,253",,0.0,"36,613,000",,0.0,"3,994,144",,0.0,"25,457,000",,0.0,"2,777,125",,0.0,"22,436,000",,0.0,"2,447,562",,0.0,"34,891,000",,0.0,"3,806,292",,0.0
EGA,테넌트일반,H469,사담가,"40,468,700","42,781,900",-5.4,"7,689,053","8,128,561",-5.4,,"5,086,000",-100.0,,"966,340",-100.0,,"11,111,700",-100.0,,"2,111,223",-100.0,,"4,076,500",-100.0,,"774,535",-100.0,,"3,964,700",-100.0,,"753,293",-100.0,,"18,543,000",-100.0,,"3,523,170",-100.0,"5,332,700",,0.0,"1,013,213",,0.0,"9,405,500",,0.0,"1,787,045",,0.0,"3,809,000",,0.0,"723,710",,0.0,"4,046,000",,0.0,"768,740",,0.0,"17,875,500",,0.0,"3,396,345",,0.0
EGA,테넌트일반,H470,킴스안경클럽,"105,659,000","94,875,000",11.4,"17,289,653","15,524,999",11.4,,"16,749,000",-100.0,,"2,740,743",-100.0,,"17,148,000",-100.0,,"2,806,035",-100.0,,"21,075,000",-100.0,,"3,448,638",-100.0,,"19,877,000",-100.0,,"3,252,601",-100.0,,"20,026,000",-100.0,,"3,276,982",-100.0,"20,410,000",,0.0,"3,339,819",,0.0,"17,651,000",,0.0,"2,888,343",,0.0,"19,000,000",,0.0,"3,109,091",,0.0,"24,800,000",,0.0,"4,058,179",,0.0,"23,798,000",,0.0,"3,894,221",,0.0
EGA,테넌트일반,H475,퀸즈빌,"2,847,600",,0.0,"595,408",,0.0,,,,,,,,,,,,,,,,,,,,,,,,,,,,,,,,,,,,,,,,,,,,,,,,,,,,,,,"2,847,600",,0.0,"595,408",,0.0
EGA,테넌트일반,H602,신지트레이딩,"3,627,500","5,087,500",-28.7,"989,318","1,387,500",-28.7,,"826,000",-100.0,,"225,273",-100.0,,"961,000",-100.0,,"262,091",-100.0,,"916,500",-100.0,,"249,955",-100.0,,"1,014,000",-100.0,,"276,545",-100.0,,"1,370,000",-100.0,,"373,636",-100.0,"1,099,500",,0.0,"299,864",,0.0,"256,000",,0.0,"69,818",,0.0,"1,007,000",,0.0,"274,636",,0.0,"911,500",,0.0,"248,591",,0.0,"353,500",,0.0,"96,409",,0.0
EGA,테넌트일반,H671,꽃길걷다,"56,628,900","52,648,020",7.6,"8,494,335","7,897,202",7.6,,"10,874,500",-100.0,,"1,631,175",-100.0,,"8,248,800",-100.0,,"1,237,320",-100.0,,"6,388,300",-100.0,,"958,245",-100.0,,"5,846,000",-100.0,,"876,900",-100.0,,"21,290,420",-100.0,,"3,193,562",-100.0,"11,196,400",,0.0,"1,679,460",,0.0,"8,267,600",,0.0,"1,240,140",,0.0,"7,212,500",,0.0,"1,081,875",,0.0,"6,367,200",,0.0,"955,080",,0.0,"23,585,200",,0.0,"3,537,780",,0.0
EGA,테넌트일반,H890,아이프릴,"3,991,500","2,244,000",77.9,"907,159","510,000",77.9,,"706,000",-100.0,,"160,455",-100.0,,"257,000",-100.0,,"58,409",-100.0,,"291,000",-100.0,,"66,136",-100.0,,"492,000",-100.0,,"111,818",-100.0,,"498,000",-100.0,,"113,182",-100.0,"1,681,500",,0.0,"382,159",,0.0,"1,474,500",,0.0,"335,114",,0.0,"835,500",,0.0,"189,886",,0.0,,,,,,,,,,,,
EGA,테넌트일반,H911,타카플레이,"306,406,800","156,351,100",96.0,"41,847,175","21,813,046",91.8,,"40,051,000",-100.0,,"5,608,768",-100.0,,"35,017,000",-100.0,,"4,926,947",-100.0,,"30,777,200",-100.0,,"4,257,344",-100.0,,"21,759,700",-100.0,,"3,016,257",-100.0,,"28,746,200",-100.0,,"4,003,730",-100.0,"65,844,700",,0.0,"9,095,374",,0.0,"63,664,600",,0.0,"8,710,365",,0.0,"57,600,800",,0.0,"7,820,484",,0.0,"43,356,800",,0.0,"5,890,358",,0.0,"75,939,900",,0.0,"10,330,594",,0.0
EGA,테넌트일반,H914,케이텍,,"23,527,100",-100.0,,"4,303,172",-100.0,,"5,718,000",-100.0,,"1,052,364",-100.0,,"6,320,500",-100.0,,"1,161,972",-100.0,,"2,853,500",-100.0,,"518,818",-100.0,,"4,418,600",-100.0,,"803,382",-100.0,,"4,216,500",-100.0,,"766,636",-100.0,,,,,,,,,,,,,,,,,,,,,,,,,,,,,,
EGA,테넌트일반,H915,다원레져,"58,828,800","48,345,100",21.7,"11,157,462","8,888,247",25.5,,"9,659,500",-100.0,,"1,771,115",-100.0,,"10,852,700",-100.0,,"1,973,218",-100.0,,"8,782,600",-100.0,,"1,642,699",-100.0,,"8,634,800",-100.0,,"1,583,896",-100.0,,"10,415,500",-100.0,,"1,917,319",-100.0,"12,343,000",,0.0,"2,336,772",,0.0,"11,780,500",,0.0,"2,239,908",,0.0,"12,478,800",,0.0,"2,390,828",,0.0,"9,505,500",,0.0,"1,793,271",,0.0,"12,721,000",,0.0,"2,396,683",,0.0
EGA,테넌트일반,H916,키즈맥스,"6,419,000","15,813,500",-59.4,"1,458,865","3,534,796",-58.7,,"4,359,500",-100.0,,"966,568",-100.0,,"304,000",-100.0,,"55,273",-100.0,,"6,676,000",-100.0,,"1,517,182",-100.0,,"2,573,500",-100.0,,"563,841",-100.0,,"1,900,500",-100.0,,"431,932",-100.0,"2,031,500",,0.0,"461,705",,0.0,,,,,,,"2,031,500",,0.0,"461,705",,0.0,"2,356,000",,0.0,"535,455",,0.0,,,,,,
EGA,테넌트일반,H924,크린위드,"78,945,900","88,305,340",-10.6,"15,789,180","17,661,068",-10.6,,"7,357,720",-100.0,,"1,471,544",-100.0,,"7,690,550",-100.0,,"1,538,110",-100.0,,"24,942,410",-100.0,,"4,988,482",-100.0,,"25,466,210",-100.0,,"5,093,242",-100.0,,"22,848,450",-100.0,,"4,569,690",-100.0,"6,308,150",,0.0,"1,261,630",,0.0,"6,489,050",,0.0,"1,297,810",,0.0,"20,534,700",,0.0,"4,106,940",,0.0,"25,315,250",,0.0,"5,063,050",,0.0,"20,298,750",,0.0,"4,059,750",,0.0
EGA,테넌트일반,H980,정도상사,"10,019,900","8,471,700",18.3,"2,277,250","1,925,386",18.3,,"1,280,000",-100.0,,"290,909",-100.0,,"1,419,000",-100.0,,"322,500",-100.0,,"1,871,100",-100.0,,"425,250",-100.0,,"1,483,500",-100.0,,"337,159",-100.0,,"2,418,100",-100.0,,"549,568",-100.0,"1,899,100",,0.0,"431,614",,0.0,"1,725,500",,0.0,"392,159",,0.0,"2,968,800",,0.0,"674,727",,0.0,"1,682,300",,0.0,"382,341",,0.0,"1,744,200",,0.0,"396,409",,0.0
EGA,테넌트일반,I016,유니크하우시즘(솜사탕자판기),"4,995,000","5,575,000",-10.4,"1,135,227","1,267,045",-10.4,,,,,,,,"2,535,000",-100.0,,"576,136",-100.0,,"1,055,000",-100.0,,"239,773",-100.0,,"1,120,000",-100.0,,"254,545",-100.0,,"865,000",-100.0,,"196,591",-100.0,"1,205,000",,0.0,"273,864",,0.0,"1,045,000",,0.0,"237,500",,0.0,"1,045,000",,0.0,"237,500",,0.0,"1,035,000",,0.0,"235,227",,0.0,"665,000",,0.0,"151,136",,0.0
EGA,테넌트일반,I038,랄라컬쳐클럽,"550,206,381","59,930,500",818.1,"53,763,944","5,993,050",797.1,,"10,941,000",-100.0,,"1,094,100",-100.0,,"13,614,500",-100.0,,"1,361,450",-100.0,,"7,149,000",-100.0,,"714,900",-100.0,,"13,589,500",-100.0,,"1,358,950",-100.0,,"14,636,500",-100.0,,"1,463,650",-100.0,"169,746,110",,0.0,"17,088,801",,0.0,"101,439,455",,0.0,"9,896,853",,0.0,"39,845,571",,0.0,"2,941,903",,0.0,"167,856,785",,0.0,"17,187,913",,0.0,"71,318,460",,0.0,"6,648,474",,0.0
EGA,테넌트일반,I056,크린토피아,"132,948,436","130,026,240",2.2,"18,129,331","17,730,861",2.2,,"14,039,000",-100.0,,"1,914,414",-100.0,,"13,997,700",-100.0,,"1,908,781",-100.0,,"37,968,460",-100.0,,"5,177,516",-100.0,,"33,310,030",-100.0,,"4,542,274",-100.0,,"30,711,050",-100.0,,"4,187,876",-100.0,"14,141,130",,0.0,"1,928,335",,0.0,"18,321,990",,0.0,"2,498,452",,0.0,"36,165,860",,0.0,"4,931,709",,0.0,"39,581,326",,0.0,"5,397,458",,0.0,"24,738,130",,0.0,"3,373,377",,0.0
EGA,테넌트일반,I060,메가박스,"159,912,936","127,961,293",25.0,"15,991,291","12,796,127",25.0,,"26,000,000",-100.0,,"2,600,000",-100.0,,"16,500,000",-100.0,,"1,650,000",-100.0,,"28,000,000",-100.0,,"2,800,000",-100.0,,"40,000,000",-100.0,,"4,000,000",-100.0,,"17,461,293",-100.0,,"1,746,127",-100.0,"25,962,123",,0.0,"2,596,210",,0.0,"41,251,232",,0.0,"4,125,123",,0.0,"30,000,000",,0.0,"3,000,000",,0.0,"50,000,000",,0.0,"5,000,000",,0.0,"12,699,581",,0.0,"1,269,958",,0.0
EGA,테넌트일반,I062,소요산회,,"44,161,500",-100.0,,"7,949,070",-100.0,,"7,110,000",-100.0,,"1,279,800",-100.0,,"8,080,200",-100.0,,"1,454,436",-100.0,,"7,277,500",-100.0,,"1,309,950",-100.0,,"5,603,400",-100.0,,"1,008,612",-100.0,,"16,090,400",-100.0,,"2,896,272",-100.0,,,,,,,,,,,,,,,,,,,,,,,,,,,,,,
EGA,테넌트일반,I097,한국오토엠,"3,776,000","5,657,000",-33.3,"858,180","1,285,683",-33.3,,"915,000",-100.0,,"207,955",-100.0,,"1,184,000",-100.0,,"269,091",-100.0,,"1,136,000",-100.0,,"258,182",-100.0,,"821,000",-100.0,,"186,591",-100.0,,"1,601,000",-100.0,,"363,864",-100.0,"756,000",,0.0,"171,818",,0.0,"658,000",,0.0,"149,545",,0.0,"515,000",,0.0,"117,045",,0.0,"757,000",,0.0,"172,045",,0.0,"1,090,000",,0.0,"247,727",,0.0
EGA,테넌트일반,I111,에스엠디지털락커,"6,019,000","6,048,000",-0.5,"1,641,547","1,649,453",-0.5,,"1,143,000",-100.0,,"311,727",-100.0,,"1,478,000",-100.0,,"403,090",-100.0,,"1,581,860",-100.0,,"431,416",-100.0,,"1,123,000",-100.0,,"306,273",-100.0,,"722,140",-100.0,,"196,947",-100.0,"1,433,000",,0.0,"390,819",,0.0,"1,189,000",,0.0,"324,273",,0.0,"1,416,000",,0.0,"386,182",,0.0,"1,156,000",,0.0,"315,273",,0.0,"825,000",,0.0,"225,000",,0.0
EGA,테넌트일반,I128,유원토이,"3,494,500","5,056,500",-30.9,"1,111,886","1,608,887",-30.9,,"946,000",-100.0,,"301,000",-100.0,,"962,000",-100.0,,"306,091",-100.0,,"1,764,500",-100.0,,"561,432",-100.0,,"428,000",-100.0,,"136,182",-100.0,,"956,000",-100.0,,"304,182",-100.0,"292,000",,0.0,"92,909",,0.0,"483,000",,0.0,"153,682",,0.0,"754,500",,0.0,"240,068",,0.0,"1,301,000",,0.0,"413,955",,0.0,"664,000",,0.0,"211,272",,0.0
EGA,테넌트일반,I137,컬러몬,"9,245,000","17,935,000",-48.5,"1,680,909","3,200,273",-47.5,,"3,820,000",-100.0,,"687,273",-100.0,,"2,795,000",-100.0,,"501,273",-100.0,,"4,340,000",-100.0,,"771,454",-100.0,,"3,450,000",-100.0,,"614,455",-100.0,,"3,530,000",-100.0,,"625,818",-100.0,"1,915,000",,0.0,"348,182",,0.0,"1,935,000",,0.0,"351,818",,0.0,"2,115,000",,0.0,"384,545",,0.0,"1,295,000",,0.0,"235,455",,0.0,"1,985,000",,0.0,"360,909",,0.0
EGA,테넌트일반,I140,아이엠스타,"1,618,500","2,253,000",-28.2,"294,272","409,636",-28.2,,"671,000",-100.0,,"122,000",-100.0,,"325,500",-100.0,,"59,182",-100.0,,"474,000",-100.0,,"86,181",-100.0,,"339,500",-100.0,,"61,727",-100.0,,"443,000",-100.0,,"80,546",-100.0,"401,500",,0.0,"73,000",,0.0,"195,000",,0.0,"35,455",,0.0,"493,000",,0.0,"89,636",,0.0,"120,000",,0.0,"21,818",,0.0,"409,000",,0.0,"74,363",,0.0
EGA,테넌트일반,I141,다니엘컴퍼니,"30,473,500","29,306,000",4.0,"6,094,700","5,861,200",4.0,,"3,103,500",-100.0,,"620,700",-100.0,,"8,333,000",-100.0,,"1,666,600",-100.0,,"4,557,500",-100.0,,"911,500",-100.0,,"4,905,000",-100.0,,"981,000",-100.0,,"8,407,000",-100.0,,"1,681,400",-100.0,"6,458,500",,0.0,"1,291,700",,0.0,"3,905,500",,0.0,"781,100",,0.0,"7,641,000",,0.0,"1,528,200",,0.0,"4,245,000",,0.0,"849,000",,0.0,"8,223,500",,0.0,"1,644,700",,0.0
EGA,테넌트일반,I187,키즈플래닛,"105,525,800","145,057,500",-27.3,"6,715,280","9,230,930",-27.3,,"23,528,000",-100.0,,"1,497,236",-100.0,,"18,709,000",-100.0,,"1,190,571",-100.0,,"35,297,000",-100.0,,"2,246,172",-100.0,,"37,676,000",-100.0,,"2,397,564",-100.0,,"29,847,500",-100.0,,"1,899,387",-100.0,"27,455,000",,0.0,"1,747,137",,0.0,"19,190,800",,0.0,"1,221,233",,0.0,"20,920,000",,0.0,"1,331,273",,0.0,"16,095,000",,0.0,"1,024,227",,0.0,"21,865,000",,0.0,"1,391,410",,0.0
EGA,테넌트일반,I197,한국오토엠,"73,216,000","22,539,000",224.8,"14,643,200","4,507,800",224.8,,,,,,,,,,,,,,,,,,,,"9,022,000",-100.0,,"1,804,400",-100.0,,"13,517,000",-100.0,,"2,703,400",-100.0,"16,943,000",,0.0,"3,388,600",,0.0,"15,136,000",,0.0,"3,027,200",,0.0,"16,352,000",,0.0,"3,270,400",,0.0,"9,391,000",,0.0,"1,878,200",,0.0,"15,394,000",,0.0,"3,078,800",,0.0
EGA,테넌트일반,I214,하늘아이,"56,251,000","24,532,000",129.3,"15,341,183","6,690,545",129.3,,"954,000",-100.0,,"260,182",-100.0,,"807,000",-100.0,,"220,091",-100.0,,"6,451,000",-100.0,,"1,759,364",-100.0,,"7,640,000",-100.0,,"2,083,635",-100.0,,"8,680,000",-100.0,,"2,367,273",-100.0,"6,373,000",,0.0,"1,738,091",,0.0,"10,793,000",,0.0,"2,943,545",,0.0,"10,460,000",,0.0,"2,852,727",,0.0,"16,923,000",,0.0,"4,615,364",,0.0,"11,702,000",,0.0,"3,191,456",,0.0
EGA,테넌트일반,I220,편안공간,"33,757,500","10,617,500",217.9,"8,146,960","2,612,846",211.8,,"194,000",-100.0,,"51,145",-100.0,,"1,833,000",-100.0,,"455,500",-100.0,,"2,000,000",-100.0,,"498,836",-100.0,,"2,514,000",-100.0,,"616,671",-100.0,,"4,076,500",-100.0,,"990,694",-100.0,"7,410,000",,0.0,"1,773,909",,0.0,"2,279,500",,0.0,"554,723",,0.0,"10,387,000",,0.0,"2,481,482",,0.0,"7,718,500",,0.0,"1,878,459",,0.0,"5,962,500",,0.0,"1,458,387",,0.0
EGA,테넌트일반,I230,뭉스베,"11,489,000","15,614,655",-26.4,"1,984,464","2,648,513",-25.1,,"2,803,000",-100.0,,"481,973",-100.0,,"622,000",-100.0,,"96,127",-100.0,,"5,777,000",-100.0,,"982,809",-100.0,,"3,989,500",-100.0,,"681,205",-100.0,,"2,423,155",-100.0,,"406,399",-100.0,"3,169,000",,0.0,"547,373",,0.0,,,,,,,"3,600,000",,0.0,"621,818",,0.0,"4,720,000",,0.0,"815,273",,0.0,,,,,,
EGA,테넌트일반,I234,매직드림,"9,956,000","10,573,000",-5.8,"2,172,219","2,306,837",-5.8,,"2,114,000",-100.0,,"461,236",-100.0,,"2,543,000",-100.0,,"554,836",-100.0,,"1,901,000",-100.0,,"414,764",-100.0,,"1,649,000",-100.0,,"359,782",-100.0,,"2,366,000",-100.0,,"516,219",-100.0,"2,260,000",,0.0,"493,091",,0.0,"1,999,000",,0.0,"436,145",,0.0,"1,457,000",,0.0,"317,891",,0.0,"1,956,000",,0.0,"426,764",,0.0,"2,284,000",,0.0,"498,328",,0.0
EGA,테넌트일반,I239,펀코인,"5,551,500","5,455,500",1.8,"1,261,703","1,239,887",1.8,,"990,000",-100.0,,"225,000",-100.0,,"1,333,500",-100.0,,"303,068",-100.0,,"1,272,500",-100.0,,"289,205",-100.0,,"816,000",-100.0,,"185,455",-100.0,,"1,043,500",-100.0,,"237,159",-100.0,"1,239,500",,0.0,"281,704",,0.0,"1,252,000",,0.0,"284,545",,0.0,"1,141,000",,0.0,"259,318",,0.0,"877,000",,0.0,"199,318",,0.0,"1,042,000",,0.0,"236,818",,0.0
EGA,테넌트일반,I250,게임캠프,"71,593,600","91,459,500",-21.7,"14,318,720","18,291,900",-21.7,,"22,464,000",-100.0,,"4,492,800",-100.0,,"21,119,500",-100.0,,"4,223,900",-100.0,,"16,289,200",-100.0,,"3,257,840",-100.0,,"12,285,000",-100.0,,"2,457,000",-100.0,,"19,301,800",-100.0,,"3,860,360",-100.0,"16,488,000",,0.0,"3,297,600",,0.0,"18,114,800",,0.0,"3,622,960",,0.0,"11,994,000",,0.0,"2,398,800",,0.0,"9,185,200",,0.0,"1,837,040",,0.0,"15,811,600",,0.0,"3,162,320",,0.0
EGA,테넌트일반,I251,다이소,"4,436,029,260","3,097,984,700",43.2,"210,093,331","192,015,840",9.4,,"623,336,300",-100.0,,"38,657,929",-100.0,,"616,090,900",-100.0,,"38,239,958",-100.0,,"675,787,900",-100.0,,"41,906,906",-100.0,,"560,608,200",-100.0,,"34,698,416",-100.0,,"622,161,400",-100.0,,"38,512,631",-100.0,"671,244,700",,0.0,"41,554,702",,0.0,"638,911,300",,0.0,"39,546,613",,0.0,"711,603,500",,0.0,"43,988,412",,0.0,"1,080,194,960",,0.0,"38,747,132",,0.0,"1,334,074,800",,0.0,"46,256,472",,0.0
EGA,테넌트일반,I261,피렌체안경원,"7,374,000","11,173,000",-34.0,"1,742,948","2,640,896",-34.0,,"1,710,000",-100.0,,"404,182",-100.0,,"2,638,000",-100.0,,"623,528",-100.0,,"2,575,000",-100.0,,"608,635",-100.0,,"2,350,000",-100.0,,"555,459",-100.0,,"1,900,000",-100.0,,"449,092",-100.0,"1,250,000",,0.0,"295,455",,0.0,"1,172,000",,0.0,"277,019",,0.0,"1,642,000",,0.0,"388,109",,0.0,"1,520,000",,0.0,"359,272",,0.0,"1,790,000",,0.0,"423,093",,0.0
EGA,테넌트일반,I278,울산점자판기센터,"5,973,100","5,847,500",2.1,"651,612","637,909",2.1,,"1,270,100",-100.0,,"138,556",-100.0,,"1,055,600",-100.0,,"115,156",-100.0,,"1,053,100",-100.0,,"114,884",-100.0,,"1,267,700",-100.0,,"138,295",-100.0,,"1,201,000",-100.0,,"131,018",-100.0,"1,261,100",,0.0,"137,575",,0.0,"1,189,400",,0.0,"129,753",,0.0,"942,900",,0.0,"102,862",,0.0,"1,327,400",,0.0,"144,808",,0.0,"1,252,300",,0.0,"136,614",,0.0
EGA,테넌트일반,I284,오락노리,"76,789,900","44,383,200",73.0,"11,494,117","7,589,252",51.5,,"7,932,000",-100.0,,"1,352,977",-100.0,,"12,506,500",-100.0,,"2,104,646",-100.0,,"10,643,300",-100.0,,"1,839,689",-100.0,,"6,205,100",-100.0,,"1,068,150",-100.0,,"7,096,300",-100.0,,"1,223,790",-100.0,"15,550,000",,0.0,"2,338,062",,0.0,"14,439,500",,0.0,"2,147,896",,0.0,"19,587,100",,0.0,"2,945,025",,0.0,"12,277,200",,0.0,"1,839,183",,0.0,"14,936,100",,0.0,"2,223,951",,0.0
EGA,테넌트일반,I289,크린토피아,"83,616,240","75,716,360",10.4,"7,601,476","6,883,304",10.4,,"8,082,250",-100.0,,"734,752",-100.0,,"8,416,150",-100.0,,"765,104",-100.0,,"19,911,570",-100.0,,"1,810,142",-100.0,,"19,072,580",-100.0,,"1,733,869",-100.0,,"20,233,810",-100.0,,"1,839,437",-100.0,"9,962,670",,0.0,"905,697",,0.0,"9,887,760",,0.0,"898,887",,0.0,"22,588,440",,0.0,"2,053,493",,0.0,"24,663,440",,0.0,"2,242,132",,0.0,"16,513,930",,0.0,"1,501,267",,0.0
EGA,테넌트일반,I302,캐칭덕,"17,493,000","20,463,000",-14.5,"3,180,547","3,720,545",-14.5,,"4,692,000",-100.0,,"853,091",-100.0,,"4,652,000",-100.0,,"845,818",-100.0,,"3,886,000",-100.0,,"706,545",-100.0,,"3,521,000",-100.0,,"640,182",-100.0,,"3,712,000",-100.0,,"674,909",-100.0,"3,670,000",,0.0,"667,273",,0.0,"3,483,000",,0.0,"633,273",,0.0,"3,490,000",,0.0,"634,546",,0.0,"3,633,000",,0.0,"660,546",,0.0,"3,217,000",,0.0,"584,909",,0.0
EGA,테넌트일반,I306,헬로포토,"2,668,000","4,526,000",-41.1,"315,309","534,891",-41.1,,,,,,,,,,,,,,"2,768,000",-100.0,,"327,127",-100.0,,,,,,,,"1,758,000",-100.0,,"207,764",-100.0,,,,,,,,,,,,,"2,061,000",,0.0,"243,573",,0.0,,,,,,,"607,000",,0.0,"71,736",,0.0
EGA,테넌트일반,I308,티아츠코리아,"22,876,500","26,983,500",-15.2,"4,783,267","5,642,005",-15.2,,"4,642,500",-100.0,,"970,705",-100.0,,"6,747,000",-100.0,,"1,410,736",-100.0,,"5,226,000",-100.0,,"1,092,709",-100.0,,"3,969,000",-100.0,,"829,882",-100.0,,"6,399,000",-100.0,,"1,337,973",-100.0,"4,272,000",,0.0,"893,236",,0.0,"3,087,000",,0.0,"645,464",,0.0,"1,243,500",,0.0,"260,004",,0.0,"5,238,000",,0.0,"1,095,218",,0.0,"9,036,000",,0.0,"1,889,345",,0.0
EGA,테넌트일반,I324,델란(솜사탕자판기),"3,295,000","5,145,000",-36.0,"748,863","1,169,318",-36.0,,"900,000",-100.0,,"204,545",-100.0,,"1,035,000",-100.0,,"235,227",-100.0,,"1,315,000",-100.0,,"298,864",-100.0,,"1,165,000",-100.0,,"264,773",-100.0,,"730,000",-100.0,,"165,909",-100.0,"400,000",,0.0,"90,909",,0.0,"680,000",,0.0,"154,545",,0.0,"590,000",,0.0,"134,091",,0.0,"815,000",,0.0,"185,227",,0.0,"810,000",,0.0,"184,091",,0.0
EGA,테넌트일반,I330,키즈인더룸,"99,305,009","138,700,900",-28.4,"10,833,264","15,130,998",-28.4,,"45,203,000",-100.0,,"4,931,231",-100.0,,"35,494,900",-100.0,,"3,872,167",-100.0,,"22,851,000",-100.0,,"2,492,836",-100.0,,"14,273,000",-100.0,,"1,557,056",-100.0,,"20,879,000",-100.0,,"2,277,708",-100.0,"25,256,000",,0.0,"2,755,196",,0.0,"27,021,000",,0.0,"2,947,745",,0.0,"15,900,000",,0.0,"1,734,543",,0.0,"11,151,009",,0.0,"1,216,474",,0.0,"19,977,000",,0.0,"2,179,306",,0.0
EGA,테넌트일반,I339,온누리스토어,,0,0.0,,1,-100.0,,0,0.0,,1,-100.0,,,,,,,,,,,,,,,,,,,,,,,,,,,,,,,,,,,,,,,,,,,,,,,,,,,,,,
EGA,테넌트일반,I341,캐치티니핑,"648,000","7,190,400",-91.0,"117,818","1,307,347",-91.0,,"1,526,400",-100.0,,"277,527",-100.0,,"2,145,300",-100.0,,"390,055",-100.0,,"1,260,700",-100.0,,"229,219",-100.0,,"1,013,600",-100.0,,"184,291",-100.0,,"1,244,400",-100.0,,"226,255",-100.0,"174,000",,0.0,"31,636",,0.0,"144,000",,0.0,"26,182",,0.0,"110,000",,0.0,"20,000",,0.0,"110,000",,0.0,"20,000",,0.0,"110,000",,0.0,"20,000",,0.0
EGA,테넌트일반,I417,풀리오,,"26,573,000",-100.0,,"4,243,148",-100.0,,,,,,,,,,,,,,"5,899,000",-100.0,,"965,290",-100.0,,"11,519,000",-100.0,,"1,845,185",-100.0,,"9,155,000",-100.0,,"1,432,673",-100.0,,,,,,,,,,,,,,,,,,,,,,,,,,,,,,
EGA,테넌트일반,I425,아이디어마켓,"1,289,000","142,000",807.7,"351,547","38,727",807.8,,,,,,,,,,,,,,,,,,,,"142,000",-100.0,,"38,727",-100.0,,,,,,,"306,000",,0.0,"83,455",,0.0,"243,000",,0.0,"66,273",,0.0,"241,000",,0.0,"65,728",,0.0,"239,000",,0.0,"65,182",,0.0,"260,000",,0.0,"70,909",,0.0
EGA,테넌트일반,I434,데이롱카페,"16,657,300","412,400","3,939.1","1,817,159","44,989","3,939.1",,,,,,,,,,,,,,,,,,,,,,,,,,"412,400",-100.0,,"44,989",-100.0,"3,487,000",,0.0,"380,400",,0.0,"3,739,900",,0.0,"407,989",,0.0,"3,332,700",,0.0,"363,567",,0.0,"3,476,900",,0.0,"379,298",,0.0,"2,620,800",,0.0,"285,905",,0.0
EGA,테넌트일반,I454,에프아이티,"4,988,162","527,231",846.1,"1,360,407","143,790",846.1,,,,,,,,,,,,,,,,,,,,"527,231",-100.0,,"143,790",-100.0,,,,,,,"1,047,473",,0.0,"285,675",,0.0,"1,073,474",,0.0,"292,765",,0.0,"1,049,248",,0.0,"286,158",,0.0,"1,006,216",,0.0,"274,423",,0.0,"811,751",,0.0,"221,386",,0.0
EGA,테넌트일반,I469,브루미즈,"23,503,300","5,885,800",299.3,"2,564,003","642,086",299.3,,,,,,,,,,,,,,,,,,,,,,,,,,"5,885,800",-100.0,,"642,086",-100.0,"6,104,900",,0.0,"665,991",,0.0,"5,949,700",,0.0,"649,059",,0.0,"4,717,200",,0.0,"514,604",,0.0,"1,958,800",,0.0,"213,687",,0.0,"4,772,700",,0.0,"520,662",,0.0
EGA,테넌트일반,I476,만월경,"12,359,100",,0.0,"1,348,266",,0.0,,,,,,,,,,,,,,,,,,,,,,,,,,,,,,,"2,690,300",,0.0,"293,488",,0.0,"2,529,300",,0.0,"275,923",,0.0,"2,305,700",,0.0,"251,531",,0.0,"2,527,400",,0.0,"275,717",,0.0,"2,306,400",,0.0,"251,607",,0.0
EGA,테넌트일반,I514,일루,"11,726,500",,0.0,"1,492,464",,0.0,,,,,,,,,,,,,,,,,,,,,,,,,,,,,,,"3,120,500",,0.0,"397,155",,0.0,"2,406,500",,0.0,"306,282",,0.0,"1,259,000",,0.0,"160,236",,0.0,"2,655,500",,0.0,"337,973",,0.0,"2,285,000",,0.0,"290,818",,0.0
EGA,테넌트일반,I520,더봄헤어,"11,198,100",,0.0,"1,425,209",,0.0,,,,,,,,,,,,,,,,,,,,,,,,,,,,,,,"1,993,000",,0.0,"253,655",,0.0,"1,911,000",,0.0,"243,217",,0.0,"2,268,100",,0.0,"288,666",,0.0,"2,598,000",,0.0,"330,653",,0.0,"2,428,000",,0.0,"309,018",,0.0
EGA,테넌트일반,I586,젤리킹덤,"23,417,020",,0.0,"4,257,643",,0.0,,,,,,,,,,,,,,,,,,,,,,,,,,,,,,,"2,949,158",,0.0,"536,214",,0.0,"4,421,400",,0.0,"803,892",,0.0,"5,839,990",,0.0,"1,061,815",,0.0,"4,767,572",,0.0,"866,828",,0.0,"5,438,900",,0.0,"988,894",,0.0
EGA,테넌트일반,I604,그라미,"6,462,940",,0.0,"1,175,080",,0.0,,,,,,,,,,,,,,,,,,,,,,,,,,,,,,,"2,321,600",,0.0,"422,109",,0.0,"986,200",,0.0,"179,309",,0.0,"650,500",,0.0,"118,273",,0.0,"1,437,980",,0.0,"261,451",,0.0,"1,066,660",,0.0,"193,938",,0.0
EGA,테넌트일반,I657,지미헤르츠,"87,583,700",,0.0,"7,962,156",,0.0,,,,,,,,,,,,,,,,,,,,,,,,,,,,,,,"17,559,000",,0.0,"1,596,273",,0.0,"17,819,300",,0.0,"1,619,937",,0.0,"15,699,100",,0.0,"1,427,192",,0.0,"19,090,000",,0.0,"1,735,453",,0.0,"17,416,300",,0.0,"1,583,301",,0.0
EGA,테넌트일반,I686,대교 트니트니PLUS,"289,515,000",,0.0,"27,782,761",,0.0,,,,,,,,,,,,,,,,,,,,,,,,,,,,,,,"6,439,500",,0.0,"622,495",,0.0,"146,351,500",,0.0,"14,030,328",,0.0,"-111,000",,0.0,"-20,051",,0.0,"65,117,500",,0.0,"6,268,000",,0.0,"71,717,500",,0.0,"6,881,989",,0.0
EGA,테넌트일반,I711,맥스온누리 약국,"3,026,044,930",,0.0,"275,094,999",,0.0,,,,,,,,,,,,,,,,,,,,,,,,,,,,,,,"576,416,997",,0.0,"52,401,546",,0.0,"564,726,800",,0.0,"51,338,800",,0.0,"609,953,913",,0.0,"55,450,360",,0.0,"627,851,890",,0.0,"57,077,443",,0.0,"647,095,330",,0.0,"58,826,850",,0.0
EGA,테넌트일반,I718,루루박스,"143,465,336",,0.0,"13,042,308",,0.0,,,,,,,,,,,,,,,,,,,,,,,,,,,,,,,"35,931,020",,0.0,"3,266,460",,0.0,"25,301,570",,0.0,"2,300,143",,0.0,"24,266,330",,0.0,"2,206,027",,0.0,"29,153,480",,0.0,"2,650,319",,0.0,"28,812,936",,0.0,"2,619,359",,0.0
EGA,테넌트일반,I720,토이월드,"9,311,800",,0.0,"1,269,790",,0.0,,,,,,,,,,,,,,,,,,,,,,,,,,,,,,,"1,331,100",,0.0,"181,513",,0.0,"1,064,500",,0.0,"145,159",,0.0,"4,556,400",,0.0,"621,327",,0.0,"383,400",,0.0,"52,282",,0.0,"1,976,400",,0.0,"269,509",,0.0
EGA,테넌트일반,I727,슬코,"13,899,900",,0.0,"2,148,169",,0.0,,,,,,,,,,,,,,,,,,,,,,,,,,,,,,,,,,,,,,,,,,,,,,,,,"4,894,000",,0.0,"756,348",,0.0,"9,005,900",,0.0,"1,391,821",,0.0
EGA,테넌트일반,I731,소극장 마니마니,"64,145,769",,0.0,"8,747,148",,0.0,,,,,,,,,,,,,,,,,,,,,,,,,,,,,,,"11,822,199",,0.0,"1,612,118",,0.0,"10,216,570",,0.0,"1,393,168",,0.0,"11,707,800",,0.0,"1,596,517",,0.0,"17,349,900",,0.0,"2,365,895",,0.0,"13,049,300",,0.0,"1,779,450",,0.0
EGA,테넌트일반,I732,종로서적,"543,102,297",,0.0,"34,561,046",,0.0,,,,,,,,,,,,,,,,,,,,,,,,,,,,,,,"119,290,797",,0.0,"7,591,229",,0.0,"111,044,480",,0.0,"7,066,463",,0.0,"129,360,760",,0.0,"8,232,048",,0.0,"83,621,730",,0.0,"5,321,384",,0.0,"99,784,530",,0.0,"6,349,922",,0.0
EGA,테넌트일반,I755,요기보,"6,462,850",,0.0,"881,297",,0.0,,,,,,,,,,,,,,,,,,,,,,,,,,,,,,,"6,462,850",,0.0,"881,297",,0.0,,,,,,,,,,,,,,,,,,,,,,,,
EGA,테넌트일반,I778,제주애퐁당,"571,000",,0.0,"77,864",,0.0,,,,,,,,,,,,,,,,,,,,,,,,,,,,,,,"571,000",,0.0,"77,864",,0.0,,,,,,,,,,,,,,,,,,,,,,,,
EGA,테넌트일반,I788,일러스타,"112,798,802",,0.0,"10,173,428",,0.0,,,,,,,,,,,,,,,,,,,,,,,,,,,,,,,"9,909,210",,0.0,"844,458",,0.0,"27,582,850",,0.0,"2,567,266",,0.0,"27,685,850",,0.0,"2,689,637",,0.0,"21,414,590",,0.0,"1,912,702",,0.0,"26,206,302",,0.0,"2,159,365",,0.0
EGA,테넌트일반,I806,로하스테크,"487,000","379,000",28.5,"132,818","103,365",28.5,,"75,000",-100.0,,"20,455",-100.0,,"56,000",-100.0,,"15,273",-100.0,,"82,000",-100.0,,"22,364",-100.0,,"77,000",-100.0,,"21,000",-100.0,,"89,000",-100.0,,"24,273",-100.0,"85,000",,0.0,"23,182",,0.0,"80,000",,0.0,"21,818",,0.0,"125,000",,0.0,"34,091",,0.0,"99,000",,0.0,"27,000",,0.0,"98,000",,0.0,"26,727",,0.0
EGA,테넌트일반,I815,바디프랜드,"22,648,500",,0.0,"6,176,867",,0.0,,,,,,,,,,,,,,,,,,,,,,,,,,,,,,,"633,900",,0.0,"172,882",,0.0,"2,594,200",,0.0,"707,509",,0.0,"5,116,500",,0.0,"1,395,411",,0.0,"5,771,500",,0.0,"1,574,046",,0.0,"8,532,400",,0.0,"2,327,019",,0.0
EGA,테넌트일반,I816,예스24,"329,598,600","348,889,298",-5.5,"11,985,404","12,686,895",-5.5,,"75,960,500",-100.0,,"2,762,199",-100.0,,"78,377,099",-100.0,,"2,850,077",-100.0,,"75,139,666",-100.0,,"2,732,351",-100.0,,"52,084,863",-100.0,,"1,894,003",-100.0,,"67,327,170",-100.0,,"2,448,265",-100.0,"72,712,000",,0.0,"2,644,074",,0.0,"72,965,500",,0.0,"2,653,291",,0.0,"69,139,900",,0.0,"2,514,181",,0.0,"50,586,800",,0.0,"1,839,517",,0.0,"64,194,400",,0.0,"2,334,341",,0.0
EGA,테넌트일반,I817,다솜쥬토피아생태체험관,"92,861,008","109,746,300",-15.4,"12,662,863","14,965,400",-15.4,,"27,580,800",-100.0,,"3,761,017",-100.0,,"27,838,500",-100.0,,"3,796,158",-100.0,,"22,318,000",-100.0,,"3,043,364",-100.0,,"13,791,000",-100.0,,"1,880,590",-100.0,,"18,218,000",-100.0,,"2,484,271",-100.0,"27,628,008",,0.0,"3,767,454",,0.0,"20,134,000",,0.0,"2,745,545",,0.0,"16,963,000",,0.0,"2,313,135",,0.0,"9,220,000",,0.0,"1,257,275",,0.0,"18,916,000",,0.0,"2,579,454",,0.0
EGA,테넌트일반,I820,솜사탕자판기,"21,265,100","16,135,000",31.8,"5,219,616","3,960,410",31.8,,"2,680,000",-100.0,,"657,818",-100.0,,"525,000",-100.0,,"128,864",-100.0,,"5,650,000",-100.0,,"1,386,818",-100.0,,"3,490,000",-100.0,,"856,637",-100.0,,"3,790,000",-100.0,,"930,273",-100.0,"3,510,000",,0.0,"861,546",,0.0,"2,595,000",,0.0,"636,954",,0.0,"3,360,000",,0.0,"824,728",,0.0,"7,115,000",,0.0,"1,746,409",,0.0,"4,685,100",,0.0,"1,149,979",,0.0
EGA,테넌트일반,I829,아티코드,"30,546,900",,0.0,"2,246,797",,0.0,,,,,,,,,,,,,,,,,,,,,,,,,,,,,,,"2,025,800",,0.0,"147,332",,0.0,"3,807,700",,0.0,"289,527",,0.0,"837,100",,0.0,"60,879",,0.0,"21,302,300",,0.0,"1,549,258",,0.0,"2,574,000",,0.0,"199,801",,0.0
EGA,테넌트일반,I835,짐보리,"87,237,700","77,772,600",12.2,"11,102,980","9,898,329",12.2,,"15,215,000",-100.0,,"1,936,456",-100.0,,"20,630,000",-100.0,,"2,625,637",-100.0,,"11,028,000",-100.0,,"1,403,563",-100.0,,"11,529,000",-100.0,,"1,467,324",-100.0,,"19,370,600",-100.0,,"2,465,349",-100.0,"25,688,400",,0.0,"3,269,432",,0.0,"23,481,000",,0.0,"2,988,491",,0.0,"9,370,750",,0.0,"1,192,642",,0.0,"11,198,000",,0.0,"1,425,199",,0.0,"17,499,550",,0.0,"2,227,216",,0.0
EGA,테넌트일반,I845,레저로파크골프,"21,254,500",,0.0,"2,254,566",,0.0,,,,,,,,,,,,,,,,,,,,,,,,,,,,,,,,,,,,,0,,0.0,0,,0.0,"6,222,500",,0.0,"656,564",,0.0,"9,092,000",,0.0,"969,200",,0.0,"5,940,000",,0.0,"628,802",,0.0
EGA,테넌트일반,I869,바바라 네일샵,"10,541,000",,0.0,"862,445",,0.0,,,,,,,,,,,,,,,,,,,,,,,,,,,,,,,,,,,,,,,,,,,"3,401,000",,0.0,"278,265",,0.0,"3,390,000",,0.0,"277,363",,0.0,"3,750,000",,0.0,"306,817",,0.0
EGA,테넌트일반,I873,리턴마켓,"108,786,637",,0.0,"9,889,694",,0.0,,,,,,,,,,,,,,,,,,,,,,,,,,,,,,,,,,,,,,,,,,,"35,404,530",,0.0,"3,218,593",,0.0,"20,506,700",,0.0,"1,864,246",,0.0,"52,875,407",,0.0,"4,806,855",,0.0
EGA,테넌트일반,I887,영풍문고,"854,475,680","930,762,640",-8.2,"75,351,291","81,708,139",-7.8,,"200,920,340",-100.0,,"17,653,379",-100.0,,"193,755,580",-100.0,,"16,958,045",-100.0,,"232,766,680",-100.0,,"20,491,129",-100.0,,"140,036,060",-100.0,,"12,304,298",-100.0,,"163,283,980",-100.0,,"14,301,288",-100.0,"167,488,850",,0.0,"14,765,257",,0.0,"183,755,210",,0.0,"16,202,970",,0.0,"215,403,230",,0.0,"19,044,983",,0.0,"128,499,320",,0.0,"11,326,224",,0.0,"159,329,070",,0.0,"14,011,857",,0.0
EGA,테넌트일반,I888,교보문고,"616,724,570","554,614,650",11.2,"42,274,550","37,943,069",11.4,,"118,931,230",-100.0,,"8,142,152",-100.0,,"112,272,760",-100.0,,"7,685,964",-100.0,,"131,916,780",-100.0,,"9,050,127",-100.0,,"90,479,390",-100.0,,"6,193,004",-100.0,,"101,014,490",-100.0,,"6,871,822",-100.0,"121,009,440",,0.0,"8,289,820",,0.0,"135,122,500",,0.0,"9,258,077",,0.0,"148,867,270",,0.0,"10,220,299",,0.0,"101,288,840",,0.0,"6,950,878",,0.0,"110,436,520",,0.0,"7,555,476",,0.0
EGA,테넌트일반,I889,스포츠아카데미,"56,316,500","35,636,500",58.0,"5,119,682","3,239,685",58.0,,"41,000",-100.0,,"3,729",-100.0,,"14,058,000",-100.0,,"1,278,001",-100.0,,"6,570,000",-100.0,,"597,273",-100.0,,"7,344,500",-100.0,,"667,682",-100.0,,"7,623,000",-100.0,,"693,000",-100.0,"12,340,000",,0.0,"1,121,818",,0.0,,,,,,,"12,520,000",,0.0,"1,138,182",,0.0,"21,020,000",,0.0,"1,910,909",,0.0,"10,436,500",,0.0,"948,773",,0.0
EGA,테넌트일반,I890,모양가발,"90,984,500","81,643,700",11.4,"19,024,027","17,070,957",11.4,,"18,065,400",-100.0,,"3,777,311",-100.0,,"14,678,300",-100.0,,"3,069,099",-100.0,,"18,650,000",-100.0,,"3,899,545",-100.0,,"15,040,000",-100.0,,"3,144,728",-100.0,,"15,210,000",-100.0,,"3,180,274",-100.0,"20,919,300",,0.0,"4,374,034",,0.0,"16,152,600",,0.0,"3,377,363",,0.0,"20,615,000",,0.0,"4,310,407",,0.0,"18,066,300",,0.0,"3,777,498",,0.0,"15,231,300",,0.0,"3,184,725",,0.0
EGA,테넌트일반,I891,헬로방방,"17,224,400","21,404,400",-19.5,"1,722,440","2,140,440",-19.5,,"5,165,000",-100.0,,"516,500",-100.0,,"4,806,500",-100.0,,"480,650",-100.0,,"5,152,700",-100.0,,"515,270",-100.0,,"2,473,200",-100.0,,"247,320",-100.0,,"3,807,000",-100.0,,"380,700",-100.0,"4,211,300",,0.0,"421,130",,0.0,"3,943,000",,0.0,"394,300",,0.0,"3,556,500",,0.0,"355,650",,0.0,"1,946,100",,0.0,"194,610",,0.0,"3,567,500",,0.0,"356,750",,0.0
EGA,테넌트일반,I899,블럭버스,"52,099,000","53,026,200",-1.7,"7,104,404","7,230,850",-1.7,,"13,928,600",-100.0,,"1,899,359",-100.0,,"9,831,900",-100.0,,"1,340,712",-100.0,,"10,672,600",-100.0,,"1,455,354",-100.0,,"6,828,000",-100.0,,"931,091",-100.0,,"11,765,100",-100.0,,"1,604,334",-100.0,"11,614,000",,0.0,"1,583,727",,0.0,"11,233,500",,0.0,"1,531,839",,0.0,"11,047,500",,0.0,"1,506,476",,0.0,"6,278,500",,0.0,"856,156",,0.0,"11,925,500",,0.0,"1,626,206",,0.0
EGA,테넌트일반,I901,인더캡슐,"52,281,960",,0.0,"4,752,904",,0.0,,,,,,,,,,,,,,,,,,,,,,,,,,,,,,,,,,,,,,,,,,,,,,,,,"27,303,160",,0.0,"2,482,103",,0.0,"24,978,800",,0.0,"2,270,801",,0.0
EGA,테넌트일반,I925,휴대폰케이스,"1,397,990",,0.0,"254,180",,0.0,,,,,,,,,,,,,,,,,,,,,,,,,,,,,,,,,,,,,,,,,,,,,,,,,,,,,,,"1,397,990",,0.0,"254,180",,0.0
EGA,테넌트일반,I961,피치스트로베리,"28,673,000",,0.0,"4,691,946",,0.0,,,,,,,,,,,,,,,,,,,,,,,,,,,,,,,,,,,,,,,,,,,,,,,,,,,,,,,"28,673,000",,0.0,"4,691,946",,0.0
EGA,테넌트일반,T444,씨지브이(CGV),"1,921,574,125","1,044,122,722",84.0,"214,834,086","111,925,009",91.9,,"288,160,138",-100.0,,"30,573,996",-100.0,,"162,085,392",-100.0,,"17,244,842",-100.0,,"138,026,907",-100.0,,"14,237,739",-100.0,,"167,606,070",-100.0,,"18,279,669",-100.0,,"288,244,215",-100.0,,"31,588,763",-100.0,"328,111,741",,0.0,"36,749,725",,0.0,"431,243,221",,0.0,"48,048,745",,0.0,"457,672,088",,0.0,"50,755,435",,0.0,"277,040,367",,0.0,"31,330,678",,0.0,"427,506,708",,0.0,"47,949,503",,0.0
EGA,테넌트일반,T515,플레이타임,"324,259,480","362,858,610",-10.6,"35,373,762","39,584,580",-10.6,,"91,334,400",-100.0,,"9,963,752",-100.0,,"90,618,560",-100.0,,"9,885,662",-100.0,,"70,697,850",-100.0,,"7,712,495",-100.0,,"45,039,600",-100.0,,"4,913,410",-100.0,,"65,168,200",-100.0,,"7,109,261",-100.0,"88,512,140",,0.0,"9,655,869",,0.0,"79,008,190",,0.0,"8,619,073",,0.0,"52,583,450",,0.0,"5,736,378",,0.0,"41,500,650",,0.0,"4,527,344",,0.0,"62,655,050",,0.0,"6,835,098",,0.0
EGA,테넌트일반,T680,브루미즈,"50,184,500","59,811,920",-16.1,"9,124,452","10,874,891",-16.1,,"12,742,300",-100.0,,"2,316,784",-100.0,,"13,333,500",-100.0,,"2,424,273",-100.0,,"13,484,000",-100.0,,"2,451,636",-100.0,,"9,072,620",-100.0,,"1,649,565",-100.0,,"11,179,500",-100.0,,"2,032,633",-100.0,"11,829,500",,0.0,"2,150,816",,0.0,"10,351,600",,0.0,"1,882,111",,0.0,"10,765,000",,0.0,"1,957,274",,0.0,"7,132,400",,0.0,"1,296,796",,0.0,"10,106,000",,0.0,"1,837,455",,0.0
EGA,테넌트일반,T691,영풍문고,"497,857,120","498,766,580",-0.2,"31,681,807","31,739,685",-0.2,,"108,060,850",-100.0,,"6,876,595",-100.0,,"111,437,660",-100.0,,"7,091,484",-100.0,,"114,483,040",-100.0,,"7,285,283",-100.0,,"80,764,050",-100.0,,"5,139,533",-100.0,,"84,020,980",-100.0,,"5,346,790",-100.0,"107,291,390",,0.0,"6,827,634",,0.0,"101,578,920",,0.0,"6,464,111",,0.0,"121,862,780",,0.0,"7,754,904",,0.0,"77,422,480",,0.0,"4,926,883",,0.0,"89,701,550",,0.0,"5,708,275",,0.0
EGA,테넌트일반,T696,크리스챤바바라,"5,560,000","15,223,000",-63.5,"1,010,913","2,767,821",-63.5,,"3,249,000",-100.0,,"590,728",-100.0,,"3,310,000",-100.0,,"601,818",-100.0,,"2,932,000",-100.0,,"533,093",-100.0,,"2,369,000",-100.0,,"430,729",-100.0,,"3,363,000",-100.0,,"611,453",-100.0,"3,135,000",,0.0,"570,003",,0.0,"2,425,000",,0.0,"440,910",,0.0,,,,,,,,,,,,,,,,,,
EGA,테넌트일반,T698,엠프파트너스,"121,707,000","70,316,000",73.1,"25,447,829","14,702,437",73.1,,"11,309,000",-100.0,,"2,364,608",-100.0,,"17,005,000",-100.0,,"3,555,593",-100.0,,"13,005,000",-100.0,,"2,719,228",-100.0,,"13,491,000",-100.0,,"2,820,845",-100.0,,"15,506,000",-100.0,,"3,242,163",-100.0,"24,098,000",,0.0,"5,038,673",,0.0,"16,367,000",,0.0,"3,422,190",,0.0,"23,640,000",,0.0,"4,942,911",,0.0,"31,251,000",,0.0,"6,534,300",,0.0,"26,351,000",,0.0,"5,509,755",,0.0
EGA,테넌트일반,T699,알로안경점,"58,543,200","50,620,800",15.7,"11,708,640","10,124,160",15.7,,"9,493,800",-100.0,,"1,898,760",-100.0,,"7,151,000",-100.0,,"1,430,200",-100.0,,"11,262,000",-100.0,,"2,252,400",-100.0,,"9,983,000",-100.0,,"1,996,600",-100.0,,"12,731,000",-100.0,,"2,546,200",-100.0,"8,943,000",,0.0,"1,788,600",,0.0,"9,605,200",,0.0,"1,921,040",,0.0,"13,175,000",,0.0,"2,635,000",,0.0,"11,325,000",,0.0,"2,265,000",,0.0,"15,495,000",,0.0,"3,099,000",,0.0
EGA,테넌트일반,T700,엠제이실용음악학원,"33,660,000","30,830,000",9.2,"4,590,000","4,204,094",9.2,,"6,070,000",-100.0,,"827,727",-100.0,,"5,480,000",-100.0,,"747,274",-100.0,,"6,160,000",-100.0,,"840,000",-100.0,,"6,590,000",-100.0,,"898,638",-100.0,,"6,530,000",-100.0,,"890,455",-100.0,"7,200,000",,0.0,"981,817",,0.0,"5,520,000",,0.0,"752,728",,0.0,"7,460,000",,0.0,"1,017,273",,0.0,"6,720,000",,0.0,"916,362",,0.0,"6,760,000",,0.0,"921,820",,0.0
EGA,테넌트일반,T722,로하스테크,"4,421,000","9,103,400",-51.4,"1,205,728","2,482,746",-51.4,,"2,057,700",-100.0,,"561,191",-100.0,,"2,016,500",-100.0,,"549,955",-100.0,,"2,033,200",-100.0,,"554,509",-100.0,,"1,472,000",-100.0,,"401,455",-100.0,,"1,524,000",-100.0,,"415,636",-100.0,"903,000",,0.0,"246,273",,0.0,"718,000",,0.0,"195,818",,0.0,"1,076,000",,0.0,"293,455",,0.0,"571,000",,0.0,"155,727",,0.0,"1,153,000",,0.0,"314,455",,0.0
EGA,테넌트일반,T810,예스24,"916,666,850","1,020,661,720",-10.2,"50,000,020","55,672,451",-10.2,,"226,891,460",-100.0,,"12,375,895",-100.0,,"212,966,030",-100.0,,"11,616,327",-100.0,,"228,739,950",-100.0,,"12,476,725",-100.0,,"164,798,180",-100.0,,"8,988,991",-100.0,,"187,266,100",-100.0,,"10,214,513",-100.0,"180,702,205",,0.0,"9,856,486",,0.0,"188,638,020",,0.0,"10,289,346",,0.0,"201,727,770",,0.0,"11,003,333",,0.0,"155,637,770",,0.0,"8,489,335",,0.0,"189,961,085",,0.0,"10,361,520",,0.0
EGA,테넌트일반,#,지정되지 않음,"3,699,587,856","3,657,488,228",1.2,"3,305,115,867","3,257,985,432",1.4,,"755,692,007",-100.0,,"663,574,094",-100.0,,"725,334,503",-100.0,,"647,653,844",-100.0,,"726,542,763",-100.0,,"647,945,250",-100.0,,"724,709,952",-100.0,,"648,596,508",-100.0,,"725,209,003",-100.0,,"650,215,736",-100.0,"756,638,020",,0.0,"674,045,313",,0.0,"723,882,936",,0.0,"644,382,165",,0.0,"749,395,172",,0.0,"670,069,298",,0.0,"744,170,622",,0.0,"667,055,182",,0.0,"725,501,106",,0.0,"649,563,909",,0.0
FAA,모던 특정,결과,,"43,534,985,760","39,714,721,613",9.6,"6,006,945,150","5,673,903,705",5.9,,"7,704,142,346",-100.0,,"1,119,680,550",-100.0,,"7,253,059,310",-100.0,,"1,117,300,334",-100.0,,"8,423,466,432",-100.0,,"1,170,059,120",-100.0,,"7,197,818,577",-100.0,,"1,034,230,228",-100.0,,"9,136,234,948",-100.0,,"1,232,633,473",-100.0,"8,058,485,059",,0.0,"1,151,747,263",,0.0,"8,013,892,915",,0.0,"1,132,309,458",,0.0,"8,916,722,779",,0.0,"1,196,234,339",,0.0,"7,866,527,715",,0.0,"1,109,095,199",,0.0,"10,679,357,292",,0.0,"1,417,558,891",,0.0
FAA,모던 특정,B845,모던하우스공통(MODERN HOUSE,"40,789,071,860","36,905,788,561",10.5,"3,878,913,540","3,500,113,246",10.8,,"7,126,948,696",-100.0,,"675,909,905",-100.0,,"6,632,160,225",-100.0,,"627,823,415",-100.0,,"7,868,738,655",-100.0,,"745,129,383",-100.0,,"6,684,062,424",-100.0,,"634,509,028",-100.0,,"8,593,878,561",-100.0,,"816,741,515",-100.0,"7,494,407,701",,0.0,"714,343,079",,0.0,"7,472,697,267",,0.0,"710,115,187",,0.0,"8,392,087,141",,0.0,"797,679,925",,0.0,"7,338,474,010",,0.0,"698,033,098",,0.0,"10,091,405,741",,0.0,"958,742,251",,0.0
FAA,모던 특정,C715,버터,"122,559,920","138,505,380",-11.5,"9,247,697","10,450,862",-11.5,,"30,884,310",-100.0,,"2,330,355",-100.0,,"26,794,260",-100.0,,"2,021,754",-100.0,,"29,950,380",-100.0,,"2,259,897",-100.0,,"21,968,990",-100.0,,"1,657,660",-100.0,,"28,907,440",-100.0,,"2,181,196",-100.0,"24,512,390",,0.0,"1,849,570",,0.0,"22,260,400",,0.0,"1,679,642",,0.0,"26,913,010",,0.0,"2,030,711",,0.0,"19,548,940",,0.0,"1,475,058",,0.0,"29,325,180",,0.0,"2,212,716",,0.0
FAA,모던 특정,#,지정되지 않음,"2,623,353,980","2,670,427,672",-1.8,"2,118,783,913","2,163,339,597",-2.1,,"546,309,340",-100.0,,"441,440,290",-100.0,,"594,104,825",-100.0,,"487,455,165",-100.0,,"524,777,397",-100.0,,"422,669,840",-100.0,,"491,787,163",-100.0,,"398,063,540",-100.0,,"513,448,947",-100.0,,"413,710,762",-100.0,"539,564,968",,0.0,"435,554,614",,0.0,"518,935,248",,0.0,"420,514,629",,0.0,"497,722,628",,0.0,"396,523,703",,0.0,"508,504,765",,0.0,"409,587,043",,0.0,"558,626,371",,0.0,"456,603,924",,0.0
